date,symbol,type,entry,sl_pts,tp_pts,atr_sl,outcome,pnl_r,equity,reasons
2025-07-09 15:30:00,NAS100,BUY,22783.01,41.4,124.3,82.8,LOSS,-1.0,495.0,bull_trend|above_vwap
2025-07-09 16:30:00,NAS100,BUY,22791.68,40.3,121.0,80.6,LOSS,-0.99,490.05,bull_trend|above_vwap
2025-07-09 17:30:00,NAS100,BUY,22822.35,37.8,113.5,75.7,LOSS,-0.98,485.15,bull_trend|above_vwap
2025-07-09 18:30:00,NAS100,BUY,22844.04,35.7,107.0,71.3,LOSS,-0.97,480.3,bull_trend|above_vwap
2025-07-09 19:30:00,NAS100,BUY,22861.04,35.1,105.4,70.3,WIN,2.88,494.71,bull_trend|above_vwap
2025-07-10 15:30:00,NAS100,BUY,22820.89,36.8,110.5,73.6,LOSS,-0.99,489.76,bull_trend|above_vwap
2025-07-10 16:30:00,NAS100,BUY,22825.95,35.5,106.4,70.9,LOSS,-0.98,484.86,bull_trend|above_vwap
2025-07-10 17:30:00,NAS100,BUY,22846.62,35.0,105.1,70.1,LOSS,-0.97,480.01,bull_trend|above_vwap
2025-07-10 18:30:00,NAS100,BUY,22842.28,34.1,102.2,68.1,WIN,2.88,494.41,bull_trend|above_vwap
2025-07-10 19:30:00,NAS100,BUY,22829.8,34.8,104.3,69.5,LOSS,-0.99,489.47,bull_trend|above_vwap
2025-07-11 15:30:00,NAS100,BUY,22810.97,31.3,93.9,62.6,WIN,2.94,504.15,bull_trend|above_vwap
2025-07-11 16:30:00,NAS100,BUY,22824.95,31.7,95.2,63.4,LOSS,-1.01,499.11,bull_trend|above_vwap
2025-07-11 17:30:00,NAS100,BUY,22818.75,31.3,93.8,62.5,LOSS,-1.0,494.12,bull_trend|above_vwap
2025-07-14 15:30:00,NAS100,BUY,22837.04,30.1,90.3,60.2,LOSS,-0.99,489.18,bull_trend|above_vwap|orb_bull
2025-07-14 16:30:00,NAS100,BUY,22871.67,31.0,93.1,62.1,LOSS,-0.98,484.29,bull_trend|above_vwap|orb_bull
2025-07-14 17:30:00,NAS100,BUY,22869.46,30.7,92.0,61.3,WIN,2.91,498.82,bull_trend|above_vwap|orb_bull
2025-07-14 18:30:00,NAS100,BUY,22865.53,30.7,92.2,61.5,LOSS,-1.0,493.83,bull_trend|above_vwap
2025-07-14 19:30:00,NAS100,BUY,22850.08,29.7,89.2,59.4,WIN,2.96,508.64,bull_trend|above_vwap
2025-07-15 15:30:00,NAS100,BUY,22972.96,30.8,92.4,61.6,LOSS,-1.02,503.56,bull_trend|above_vwap
2025-07-15 16:30:00,NAS100,BUY,22941.76,31.2,93.6,62.4,LOSS,-1.01,498.52,bull_trend|above_vwap
2025-07-15 17:30:00,NAS100,BUY,22989.91,31.7,95.1,63.4,LOSS,-1.0,493.54,bull_trend|above_vwap
2025-07-15 18:30:00,NAS100,BUY,22909.47,31.7,95.2,63.5,WIN,2.96,508.34,bull_trend|above_vwap
2025-07-15 19:30:00,NAS100,BUY,22902.2,32.4,97.1,64.7,LOSS,-1.02,503.26,bull_trend|above_vwap
2025-07-16 16:30:00,NAS100,BUY,22869.88,40.6,121.8,81.2,LOSS,-1.01,498.23,bull_trend|above_vwap
2025-07-16 17:30:00,NAS100,BUY,22872.64,40.6,121.8,81.2,LOSS,-1.0,493.24,bull_trend|above_vwap
2025-07-16 18:30:00,NAS100,BUY,22899.22,41.1,123.4,82.3,WIN,2.96,508.04,bull_trend|above_vwap
2025-07-16 19:30:00,NAS100,BUY,22915.22,41.5,124.6,83.0,LOSS,-1.02,502.96,bull_trend|above_vwap|orb_bull
2025-07-17 15:30:00,NAS100,BUY,23087.42,38.8,116.3,77.5,WIN,3.02,518.05,bull_trend|above_vwap|orb_bull|bos_bull
2025-07-17 16:30:00,NAS100,BUY,23085.43,37.3,112.0,74.6,WIN,3.11,533.59,bull_trend|above_vwap
2025-07-17 17:30:00,NAS100,BUY,23084.67,36.3,109.0,72.7,LOSS,-1.07,528.26,bull_trend|above_vwap|orb_bull
2025-07-17 18:30:00,NAS100,BUY,23089.62,34.1,102.3,68.2,LOSS,-1.06,522.97,bull_trend|above_vwap
2025-07-17 19:30:00,NAS100,BUY,23088.42,33.7,101.0,67.3,LOSS,-1.05,517.74,bull_trend|above_vwap
2025-07-18 15:30:00,NAS100,BUY,23033.58,26.3,78.9,52.6,WIN,3.11,533.28,bull_trend|above_vwap
2025-07-18 16:30:00,NAS100,BUY,23049.1,25.0,75.0,48.5,WIN,3.2,549.27,bull_trend|above_vwap
2025-07-18 17:30:00,NAS100,BUY,23058.81,25.0,75.0,48.9,LOSS,-1.1,543.78,bull_trend|above_vwap
2025-07-18 18:30:00,NAS100,BUY,23052.17,25.0,75.0,48.6,WIN,3.26,560.09,bull_trend|above_vwap
2025-07-18 19:30:00,NAS100,BUY,23064.98,25.0,75.0,48.0,WIN,3.36,576.9,bull_trend|above_vwap
2025-07-21 15:30:00,NAS100,BUY,23210.77,25.4,76.2,50.8,LOSS,-1.15,571.13,bull_trend|above_vwap
2025-07-21 16:30:00,NAS100,BUY,23256.21,26.6,79.9,53.3,WIN,3.43,588.26,bull_trend|above_vwap|orb_bull
2025-07-21 17:30:00,NAS100,BUY,23254.57,26.2,78.6,52.4,LOSS,-1.18,582.38,bull_trend|above_vwap
2025-07-21 18:30:00,NAS100,BUY,23207.83,27.3,81.8,54.5,LOSS,-1.16,576.56,bull_trend|above_vwap
2025-07-21 19:30:00,NAS100,BUY,23174.76,27.8,83.5,55.7,LOSS,-1.15,570.79,bull_trend|above_vwap
2025-07-23 16:30:00,NAS100,BUY,23084.25,32.1,96.2,64.2,LOSS,-1.14,565.08,bull_trend|below_vwap|rsi_bull_div
2025-07-23 17:30:00,NAS100,BUY,23143.5,34.2,102.7,68.5,WIN,3.39,582.03,bull_trend|above_vwap|orb_bull
2025-07-23 18:30:00,NAS100,BUY,23136.93,33.0,99.0,66.0,LOSS,-1.16,576.21,bull_trend|above_vwap
2025-07-23 19:30:00,NAS100,BUY,23151.91,32.7,98.0,65.3,LOSS,-1.15,570.45,bull_trend|above_vwap
2025-07-24 15:30:00,NAS100,BUY,23196.86,28.8,86.4,57.6,LOSS,-1.14,564.75,bull_trend|above_vwap
2025-07-24 16:30:00,NAS100,BUY,23249.97,28.8,86.4,57.6,WIN,3.39,581.69,bull_trend|above_vwap|orb_bull
2025-07-24 17:30:00,NAS100,BUY,23261.96,27.5,82.4,54.9,LOSS,-1.16,575.87,bull_trend|above_vwap
2025-07-24 18:30:00,NAS100,BUY,23260.23,27.2,81.6,54.4,WIN,3.46,593.15,bull_trend|above_vwap|orb_bull
2025-07-24 19:30:00,NAS100,BUY,23236.23,27.2,81.5,54.3,WIN,3.56,610.94,bull_trend|above_vwap
2025-07-25 15:30:00,NAS100,BUY,23321.5,25.1,75.3,50.2,WIN,3.67,629.27,bull_trend|above_vwap|orb_bull|bos_bull
2025-07-25 16:30:00,NAS100,BUY,23300.23,25.5,76.6,51.1,LOSS,-1.26,622.98,bull_trend|above_vwap|orb_bull
2025-07-25 17:30:00,NAS100,BUY,23305.51,25.0,75.0,47.2,LOSS,-1.25,616.75,bull_trend|above_vwap
2025-07-25 18:30:00,NAS100,BUY,23297.51,25.0,75.0,47.2,LOSS,-1.23,610.58,bull_trend|above_vwap
2025-07-25 19:30:00,NAS100,BUY,23275.07,25.0,75.0,47.1,LOSS,-1.22,604.48,bull_trend|above_vwap
2025-07-28 15:30:00,NAS100,BUY,23353.32,25.0,75.0,47.3,LOSS,-1.21,598.43,bull_trend|above_vwap
2025-07-28 16:30:00,NAS100,BUY,23324.52,25.0,75.0,44.8,LOSS,-1.2,592.45,bull_trend|above_vwap
2025-07-28 17:30:00,NAS100,BUY,23319.79,25.0,75.0,45.4,WIN,3.55,610.22,bull_trend|above_vwap
2025-07-28 18:30:00,NAS100,BUY,23319.7,25.0,75.0,45.0,WIN,3.66,628.53,bull_trend|above_vwap
2025-07-28 19:30:00,NAS100,BUY,23353.18,25.0,75.0,45.7,LOSS,-1.26,622.24,bull_trend|above_vwap
2025-07-29 15:30:00,NAS100,BUY,23335.73,29.5,88.4,59.0,LOSS,-1.24,616.02,bull_trend|above_vwap
2025-07-29 16:30:00,NAS100,BUY,23367.68,30.6,91.9,61.2,LOSS,-1.23,609.86,bull_trend|above_vwap
2025-07-29 17:30:00,NAS100,BUY,23339.24,31.3,94.0,62.7,LOSS,-1.22,603.76,bull_trend|above_vwap
2025-07-29 18:30:00,NAS100,BUY,23318.84,32.4,97.1,64.7,LOSS,-1.21,597.72,bull_trend|above_vwap
2025-07-30 15:30:00,NAS100,BUY,23397.2,32.1,96.3,64.2,LOSS,-1.2,591.75,bull_trend|above_vwap|orb_bull
2025-07-30 16:30:00,NAS100,BUY,23389.36,31.6,94.8,63.2,LOSS,-1.18,585.83,bull_trend|above_vwap
2025-07-30 17:30:00,NAS100,BUY,23415.81,31.5,94.4,62.9,WIN,3.51,603.4,bull_trend|above_vwap|orb_bull
2025-07-30 19:30:00,NAS100,BUY,23349.8,40.4,121.1,80.7,WIN,3.62,621.51,bull_trend|above_vwap
2025-07-31 15:30:00,NAS100,BUY,23474.42,45.0,134.9,89.9,LOSS,-1.24,615.29,bull_trend|above_vwap
2025-08-01 15:30:00,NAS100,SELL,22891.65,78.6,235.9,157.3,WIN,3.69,633.75,bear_trend|below_vwap|orb_bear
2025-08-01 16:30:00,NAS100,SELL,22728.7,84.2,252.7,168.5,LOSS,-1.27,627.41,bear_trend|below_vwap|orb_bear
2025-08-01 17:30:00,NAS100,SELL,22768.04,86.4,259.2,172.8,LOSS,-1.25,621.14,bear_trend|below_vwap|orb_bear
2025-08-01 18:30:00,NAS100,SELL,22757.54,81.9,245.6,163.7,WIN,3.73,639.77,bear_trend|below_vwap|orb_bear
2025-08-01 19:30:00,NAS100,SELL,22766.08,82.0,246.0,164.0,WIN,3.84,658.97,bear_trend|below_vwap|orb_bear
2025-08-04 15:30:00,NAS100,BUY,23157.73,82.9,248.7,165.8,WIN,3.95,678.73,above_vwap|orb_bull
2025-08-04 16:30:00,NAS100,BUY,23161.11,77.7,233.2,155.5,WIN,4.07,699.1,above_vwap|orb_bull
2025-08-04 17:30:00,NAS100,BUY,23149.12,72.6,217.7,145.1,LOSS,-1.4,692.11,above_vwap|orb_bull
2025-08-04 18:30:00,NAS100,BUY,23151.24,70.9,212.7,141.8,LOSS,-1.38,685.18,above_vwap|orb_bull
2025-08-04 19:30:00,NAS100,BUY,23186.64,69.3,207.9,138.6,LOSS,-1.37,678.33,above_vwap|orb_bull
2025-08-06 15:30:00,NAS100,BUY,23251.88,40.9,122.6,81.8,LOSS,-1.36,671.55,above_vwap|orb_bull
2025-08-06 16:30:00,NAS100,BUY,23264.07,41.0,122.9,81.9,LOSS,-1.34,664.83,above_vwap|orb_bull
2025-08-06 17:30:00,NAS100,BUY,23307.25,41.5,124.4,82.9,LOSS,-1.33,658.19,above_vwap|orb_bull|bos_bull
2025-08-06 18:30:00,NAS100,BUY,23316.39,41.1,123.3,82.2,WIN,3.95,677.93,bull_trend|above_vwap|orb_bull|bos_bull
2025-08-06 19:30:00,NAS100,BUY,23310.32,40.4,121.3,80.9,WIN,4.07,698.27,bull_trend|above_vwap|orb_bull
2025-08-07 15:30:00,NAS100,BUY,23389.29,41.4,124.2,82.8,WIN,4.19,719.22,bull_trend|above_vwap
2025-08-07 16:30:00,NAS100,BUY,23303.28,42.8,128.4,85.6,LOSS,-1.44,712.02,bull_trend|above_vwap
2025-08-07 18:30:00,NAS100,BUY,23284.0,43.7,131.0,87.3,LOSS,-1.42,704.9,bull_trend|above_vwap
2025-08-07 19:30:00,NAS100,BUY,23391.35,45.6,136.7,91.1,WIN,4.23,726.05,bull_trend|above_vwap
2025-08-08 15:30:00,NAS100,BUY,23588.79,43.7,131.0,87.3,LOSS,-1.45,718.79,bull_trend|above_vwap
2025-08-08 16:30:00,NAS100,BUY,23557.44,44.0,132.1,88.0,WIN,4.31,740.35,bull_trend|above_vwap
2025-08-08 17:30:00,NAS100,BUY,23597.28,44.4,133.1,88.7,LOSS,-1.48,732.95,bull_trend|above_vwap|orb_bull
2025-08-08 18:30:00,NAS100,BUY,23599.66,44.0,132.0,88.0,LOSS,-1.47,725.62,bull_trend|above_vwap
2025-08-08 19:30:00,NAS100,BUY,23602.91,43.8,131.3,87.6,LOSS,-1.45,718.37,bull_trend|above_vwap
2025-08-11 15:30:00,NAS100,BUY,23673.14,37.7,113.1,75.4,WIN,4.31,739.92,bull_trend|above_vwap|orb_bull|bos_bull
2025-08-11 16:30:00,NAS100,BUY,23624.66,36.0,108.0,72.0,LOSS,-1.48,732.52,bull_trend|above_vwap
2025-08-11 17:30:00,NAS100,BUY,23579.21,34.7,104.1,69.4,WIN,4.4,754.49,bull_trend|above_vwap
2025-08-11 18:30:00,NAS100,BUY,23558.71,33.9,101.8,67.9,WIN,4.53,777.13,bull_trend|above_vwap
2025-08-11 19:30:00,NAS100,BUY,23515.8,32.5,97.4,64.9,WIN,4.66,800.44,bull_trend|above_vwap
2025-08-12 15:30:00,NAS100,BUY,23778.31,33.7,101.2,67.5,LOSS,-1.6,792.44,bull_trend|above_vwap|orb_bull|bos_bull
2025-08-12 16:30:00,NAS100,BUY,23790.14,33.3,99.8,66.6,LOSS,-1.58,784.51,bull_trend|above_vwap|orb_bull|bos_bull
2025-08-12 17:30:00,NAS100,BUY,23816.97,32.5,97.4,65.0,LOSS,-1.57,776.67,bull_trend|above_vwap|orb_bull|bos_bull
2025-08-12 18:30:00,NAS100,BUY,23818.4,32.5,97.4,64.9,WIN,4.66,799.97,bull_trend|above_vwap
2025-08-12 19:30:00,NAS100,BUY,23838.54,32.8,98.5,65.7,LOSS,-1.6,791.97,bull_trend|above_vwap|orb_bull|bos_bull
2025-08-13 15:30:00,NAS100,BUY,23825.5,34.2,102.5,68.3,LOSS,-1.58,784.05,bull_trend|above_vwap
2025-08-13 16:30:00,NAS100,BUY,23843.03,33.6,100.8,67.2,LOSS,-1.57,776.21,bull_trend|above_vwap
2025-08-13 17:30:00,NAS100,BUY,23827.62,33.1,99.3,66.2,LOSS,-1.55,768.45,bull_trend|above_vwap
2025-08-13 18:30:00,NAS100,BUY,23839.07,33.3,99.8,66.5,WIN,4.61,791.5,bull_trend|above_vwap
2025-08-13 19:30:00,NAS100,BUY,23851.32,32.3,96.9,64.6,WIN,4.75,815.24,bull_trend|above_vwap
2025-08-14 15:30:00,NAS100,BUY,23788.81,30.5,91.6,61.1,LOSS,-1.63,807.09,bull_trend|above_vwap
2025-08-14 16:30:00,NAS100,BUY,23878.6,32.8,98.3,65.5,LOSS,-1.61,799.02,bull_trend|above_vwap
2025-08-14 17:30:00,NAS100,BUY,23808.64,34.1,102.3,68.2,WIN,4.79,822.99,bull_trend|above_vwap
2025-08-14 18:30:00,NAS100,BUY,23824.32,35.0,104.9,69.9,WIN,4.94,847.68,bull_trend|above_vwap
2025-08-14 19:30:00,NAS100,BUY,23832.19,34.9,104.6,69.7,LOSS,-1.7,839.2,bull_trend|above_vwap
2025-08-18 19:30:00,NAS100,BUY,23727.5,28.8,86.4,57.6,WIN,5.04,864.38,bull_trend|below_vwap|rsi_bull_div
2025-08-19 17:30:00,NAS100,SELL,23393.67,32.2,96.5,64.4,LOSS,-1.73,855.74,bear_trend|below_vwap|orb_bear
2025-08-19 18:30:00,NAS100,SELL,23376.04,32.5,97.4,64.9,LOSS,-1.71,847.18,bear_trend|below_vwap|orb_bear
2025-08-19 19:30:00,NAS100,SELL,23375.88,32.4,97.3,64.9,LOSS,-1.69,838.71,bear_trend|below_vwap|orb_bear
2025-08-20 15:30:00,NAS100,SELL,23199.67,50.7,152.1,101.4,LOSS,-1.68,830.32,bear_trend|below_vwap|orb_bear
2025-08-20 16:30:00,NAS100,SELL,23160.87,51.3,154.0,102.6,LOSS,-1.66,822.02,bear_trend|below_vwap
2025-08-20 17:30:00,NAS100,SELL,23146.71,53.7,161.2,107.4,LOSS,-1.64,813.8,bear_trend|below_vwap|orb_bear
2025-08-20 18:30:00,NAS100,SELL,23243.11,57.0,171.1,114.1,LOSS,-1.63,805.66,bear_trend|below_vwap|orb_bear
2025-08-21 15:30:00,NAS100,SELL,23104.77,57.6,172.8,115.2,WIN,4.83,829.83,bear_trend|below_vwap|orb_bear
2025-08-21 16:30:00,NAS100,SELL,23068.21,57.3,171.9,114.6,LOSS,-1.66,821.53,bear_trend|below_vwap|orb_bear
2025-08-21 17:30:00,NAS100,SELL,23122.28,58.3,175.0,116.7,WIN,4.93,846.18,bear_trend|below_vwap|orb_bear
2025-08-21 18:30:00,NAS100,SELL,23163.71,58.7,176.0,117.3,LOSS,-1.69,837.71,bear_trend|below_vwap|orb_bear
2025-08-21 19:30:00,NAS100,SELL,23137.28,58.9,176.7,117.8,WIN,5.03,862.85,bear_trend|below_vwap
2025-08-22 15:30:00,NAS100,BUY,23458.58,56.2,168.7,112.5,WIN,5.18,888.73,above_vwap
2025-08-22 16:30:00,NAS100,BUY,23544.59,57.6,172.7,115.1,WIN,5.33,915.39,above_vwap
2025-08-22 17:30:00,NAS100,BUY,23524.8,54.8,164.4,109.6,LOSS,-1.83,906.24,above_vwap
2025-08-22 18:30:00,NAS100,BUY,23505.34,51.3,154.0,102.7,WIN,5.44,933.43,above_vwap
2025-08-22 19:30:00,NAS100,BUY,23489.52,51.9,155.7,103.8,LOSS,-1.87,924.09,above_vwap
2025-08-25 15:30:00,NAS100,BUY,23531.92,46.2,138.5,92.3,LOSS,-1.85,914.85,above_vwap
2025-08-25 16:30:00,NAS100,BUY,23512.53,44.3,133.0,88.7,WIN,5.49,942.3,above_vwap
2025-08-25 17:30:00,NAS100,BUY,23497.56,42.7,128.2,85.5,LOSS,-1.88,932.87,above_vwap
2025-08-25 18:30:00,NAS100,BUY,23482.16,41.4,124.3,82.9,WIN,5.6,960.86,above_vwap
2025-08-26 15:30:00,NAS100,BUY,23478.71,27.5,82.4,54.9,LOSS,-1.92,951.25,above_vwap
2025-08-26 16:30:00,NAS100,BUY,23472.09,25.0,75.0,49.4,LOSS,-1.9,941.74,above_vwap
2025-08-26 18:30:00,NAS100,BUY,23499.33,25.4,76.2,50.8,LOSS,-1.88,932.32,above_vwap|orb_bull
2025-08-26 19:30:00,NAS100,BUY,23519.73,25.8,77.3,51.5,WIN,5.59,960.29,bull_trend|above_vwap|orb_bull
2025-08-27 15:30:00,NAS100,BUY,23490.46,25.6,76.8,51.2,LOSS,-1.92,950.69,bull_trend|below_vwap|orb_bull
2025-08-27 16:30:00,NAS100,BUY,23541.66,26.4,79.3,52.9,LOSS,-1.9,941.18,bull_trend|above_vwap
2025-08-27 17:30:00,NAS100,BUY,23585.65,27.2,81.6,54.4,LOSS,-1.88,931.77,bull_trend|above_vwap|orb_bull|bos_bull
2025-08-27 18:30:00,NAS100,BUY,23538.29,29.2,87.6,58.4,LOSS,-1.86,922.45,bull_trend|above_vwap
2025-08-27 19:30:00,NAS100,BUY,23578.6,28.3,85.0,56.6,LOSS,-1.84,913.23,bull_trend|above_vwap
2025-08-28 15:30:00,NAS100,BUY,23695.91,34.4,103.3,68.9,WIN,5.48,940.62,bull_trend|above_vwap|orb_bull|bos_bull
2025-08-28 16:30:00,NAS100,BUY,23695.83,34.6,103.7,69.1,WIN,5.64,968.84,bull_trend|above_vwap
2025-08-28 17:30:00,NAS100,BUY,23715.46,33.4,100.3,66.9,LOSS,-1.94,959.15,bull_trend|above_vwap|orb_bull|bos_bull
2025-08-28 18:30:00,NAS100,BUY,23716.28,32.7,98.2,65.5,LOSS,-1.92,949.56,bull_trend|above_vwap|orb_bull|bos_bull
2025-08-28 19:30:00,NAS100,BUY,23704.69,31.8,95.5,63.6,WIN,5.7,978.05,bull_trend|above_vwap|orb_bull
2025-09-02 15:30:00,NAS100,SELL,23024.58,52.4,157.1,104.7,LOSS,-1.96,968.27,bear_trend|below_vwap|orb_bear
2025-09-02 16:30:00,NAS100,SELL,23119.22,54.7,164.0,109.4,LOSS,-1.94,958.59,bear_trend|below_vwap|orb_bear
2025-09-02 17:30:00,NAS100,SELL,23122.21,55.9,167.7,111.8,WIN,5.75,987.34,bear_trend|below_vwap
2025-09-02 18:30:00,NAS100,SELL,23190.89,57.7,173.1,115.4,LOSS,-1.97,977.47,bear_trend|below_vwap
2025-09-02 19:30:00,NAS100,SELL,23238.71,58.5,175.4,116.9,WIN,5.86,1006.79,bear_trend|below_vwap
2025-09-03 15:30:00,NAS100,BUY,23395.98,53.3,159.9,106.6,LOSS,-2.01,996.73,above_vwap
2025-09-03 16:30:00,NAS100,BUY,23384.77,52.6,157.8,105.2,WIN,5.98,1026.63,above_vwap
2025-09-03 17:30:00,NAS100,SELL,23309.0,54.4,163.2,108.8,LOSS,-2.05,1016.36,bear_trend|below_vwap
2025-09-03 19:30:00,NAS100,BUY,23396.74,55.0,164.9,110.0,LOSS,-2.03,1006.2,above_vwap
2025-09-04 15:30:00,NAS100,BUY,23486.76,39.7,119.1,79.4,LOSS,-2.01,996.14,above_vwap|orb_bull
2025-09-04 16:30:00,NAS100,BUY,23535.82,38.1,114.3,76.2,WIN,5.98,1026.02,above_vwap|orb_bull|bos_bull
2025-09-04 17:30:00,NAS100,BUY,23555.04,37.3,112.0,74.7,LOSS,-2.05,1015.76,above_vwap|orb_bull|bos_bull
2025-09-04 18:30:00,NAS100,BUY,23591.48,36.4,109.1,72.7,WIN,6.09,1046.23,bull_trend|above_vwap|orb_bull|bos_bull
2025-09-04 19:30:00,NAS100,BUY,23625.78,36.5,109.5,73.0,WIN,6.28,1077.62,bull_trend|above_vwap|orb_bull|bos_bull
2025-09-05 15:30:00,NAS100,BUY,23585.95,41.6,124.8,83.2,LOSS,-2.16,1066.84,bull_trend|above_vwap
2025-09-05 16:30:00,NAS100,BUY,23600.37,41.4,124.2,82.8,WIN,6.4,1098.85,bull_trend|above_vwap
2025-09-05 17:30:00,NAS100,BUY,23608.1,40.1,120.3,80.2,LOSS,-2.2,1087.86,bull_trend|above_vwap
2025-09-05 18:30:00,NAS100,BUY,23652.8,40.7,122.2,81.5,LOSS,-2.18,1076.98,bull_trend|above_vwap
2025-09-05 19:30:00,NAS100,BUY,23651.1,38.9,116.7,77.8,WIN,6.46,1109.29,bull_trend|above_vwap
2025-09-08 15:30:00,NAS100,BUY,23795.21,40.5,121.4,80.9,LOSS,-2.22,1098.2,bull_trend|above_vwap
2025-09-08 16:30:00,NAS100,BUY,23771.78,40.2,120.6,80.4,WIN,6.59,1131.14,bull_trend|above_vwap
2025-09-08 17:30:00,NAS100,BUY,23773.52,40.4,121.3,80.9,LOSS,-2.26,1119.83,bull_trend|above_vwap
2025-09-08 18:30:00,NAS100,BUY,23734.08,40.7,122.2,81.5,WIN,6.72,1153.43,bull_trend|above_vwap
2025-09-08 19:30:00,NAS100,BUY,23763.42,40.1,120.4,80.3,LOSS,-2.31,1141.89,bull_trend|above_vwap
2025-09-09 15:30:00,NAS100,BUY,23785.31,31.7,95.0,63.3,WIN,6.85,1176.15,bull_trend|above_vwap
2025-09-09 16:30:00,NAS100,BUY,23808.48,31.3,93.9,62.6,WIN,7.06,1211.44,bull_trend|above_vwap|orb_bull
2025-09-09 17:30:00,NAS100,BUY,23800.0,30.0,89.9,60.0,LOSS,-2.42,1199.32,bull_trend|above_vwap
2025-09-09 18:30:00,NAS100,BUY,23827.54,29.4,88.3,58.8,LOSS,-2.4,1187.33,bull_trend|above_vwap|orb_bull
2025-09-09 19:30:00,NAS100,BUY,23838.15,30.0,90.1,60.1,LOSS,-2.37,1175.45,bull_trend|above_vwap|orb_bull
2025-09-10 15:30:00,NAS100,BUY,23887.07,28.7,86.0,57.3,LOSS,-2.35,1163.7,bull_trend|above_vwap
2025-09-10 16:30:00,NAS100,BUY,23851.03,29.0,87.0,58.0,LOSS,-2.33,1152.06,bull_trend|above_vwap
2025-09-10 19:30:00,NAS100,BUY,23858.97,32.3,96.9,64.6,LOSS,-2.3,1140.54,bull_trend|above_vwap
2025-09-11 15:30:00,NAS100,BUY,23999.21,32.4,97.3,64.9,LOSS,-2.28,1129.14,bull_trend|above_vwap|orb_bull
2025-09-11 16:30:00,NAS100,BUY,23997.11,31.8,95.4,63.6,WIN,6.77,1163.01,bull_trend|above_vwap
2025-09-11 17:30:00,NAS100,BUY,23987.73,31.9,95.8,63.9,LOSS,-2.33,1151.38,bull_trend|above_vwap
2025-09-11 18:30:00,NAS100,BUY,24005.99,31.4,94.3,62.9,LOSS,-2.3,1139.87,bull_trend|above_vwap
2025-09-11 19:30:00,NAS100,BUY,24007.99,30.3,90.8,60.5,WIN,6.84,1174.06,bull_trend|above_vwap
2025-09-12 15:30:00,NAS100,BUY,24086.55,27.2,81.7,54.5,WIN,7.04,1209.29,bull_trend|above_vwap
2025-09-12 16:30:00,NAS100,BUY,24083.76,26.2,78.6,52.4,LOSS,-2.42,1197.19,bull_trend|above_vwap|orb_bull
2025-09-12 17:30:00,NAS100,BUY,24102.44,25.0,75.1,50.1,WIN,7.18,1233.11,bull_trend|above_vwap|orb_bull|bos_bull
2025-09-12 18:30:00,NAS100,BUY,24102.31,25.0,75.0,47.0,LOSS,-2.47,1220.78,bull_trend|above_vwap|orb_bull
2025-09-12 19:30:00,NAS100,BUY,24106.68,25.0,75.0,44.1,WIN,7.32,1257.4,bull_trend|above_vwap
2025-09-15 15:30:00,NAS100,BUY,24251.47,25.0,75.0,41.6,WIN,7.54,1295.12,bull_trend|above_vwap|orb_bull|bos_bull
2025-09-15 16:30:00,NAS100,BUY,24238.04,25.0,75.0,41.8,LOSS,-2.59,1282.17,bull_trend|above_vwap
2025-09-15 17:30:00,NAS100,BUY,24244.51,25.0,75.0,42.4,WIN,7.69,1320.64,bull_trend|above_vwap
2025-09-15 18:30:00,NAS100,BUY,24258.08,25.0,75.0,43.1,WIN,7.92,1360.26,bull_trend|above_vwap
2025-09-15 19:30:00,NAS100,BUY,24295.33,25.0,75.0,45.2,LOSS,-2.72,1346.65,bull_trend|above_vwap|orb_bull|bos_bull
2025-09-16 15:30:00,NAS100,BUY,24272.56,25.0,75.0,44.7,LOSS,-2.69,1333.19,bull_trend|above_vwap
2025-09-16 16:30:00,NAS100,BUY,24281.1,25.0,75.0,45.6,WIN,8.0,1373.18,bull_trend|above_vwap
2025-09-16 17:30:00,NAS100,BUY,24275.27,25.0,75.0,44.5,WIN,8.24,1414.38,bull_trend|above_vwap
2025-09-16 18:30:00,NAS100,BUY,24284.81,25.0,75.0,44.1,LOSS,-2.83,1400.23,bull_trend|above_vwap
2025-09-16 19:30:00,NAS100,BUY,24273.58,25.0,75.0,44.2,LOSS,-2.8,1386.23,bull_trend|above_vwap
2025-09-17 18:30:00,NAS100,BUY,24277.14,37.2,111.6,74.4,LOSS,-2.77,1372.37,bull_trend|above_vwap
2025-09-18 15:30:00,NAS100,BUY,24514.18,49.9,149.7,99.8,WIN,8.23,1413.54,bull_trend|above_vwap
2025-09-18 16:30:00,NAS100,BUY,24510.3,49.8,149.5,99.6,WIN,8.48,1455.95,bull_trend|above_vwap
2025-09-18 17:30:00,NAS100,BUY,24487.61,50.6,151.8,101.2,WIN,8.74,1499.62,bull_trend|above_vwap
2025-09-18 18:30:00,NAS100,BUY,24469.3,51.0,152.9,101.9,WIN,9.0,1544.61,bull_trend|above_vwap
2025-09-18 19:30:00,NAS100,BUY,24450.92,50.7,152.2,101.5,LOSS,-3.09,1529.17,bull_trend|above_vwap
2025-09-19 15:30:00,NAS100,BUY,24571.18,54.7,164.0,109.3,WIN,9.18,1575.04,bull_trend|above_vwap|orb_bull|bos_bull
2025-09-19 16:30:00,NAS100,BUY,24557.17,54.4,163.2,108.8,LOSS,-3.15,1559.29,bull_trend|above_vwap|orb_bull
2025-09-19 17:30:00,NAS100,BUY,24563.81,47.6,142.9,95.3,LOSS,-3.12,1543.7,bull_trend|above_vwap
2025-09-19 18:30:00,NAS100,BUY,24595.96,38.8,116.5,77.7,LOSS,-3.09,1528.26,bull_trend|above_vwap|orb_bull|bos_bull
2025-09-19 19:30:00,NAS100,BUY,24620.26,37.7,113.1,75.4,WIN,9.17,1574.11,bull_trend|above_vwap|orb_bull|bos_bull
2025-09-22 15:30:00,NAS100,BUY,24730.46,28.6,85.8,57.2,LOSS,-3.15,1558.37,bull_trend|above_vwap|orb_bull|bos_bull
2025-09-22 16:30:00,NAS100,BUY,24744.77,28.3,85.0,56.7,LOSS,-3.12,1542.78,bull_trend|above_vwap|orb_bull|bos_bull
2025-09-22 17:30:00,NAS100,BUY,24761.95,28.3,84.9,56.6,LOSS,-3.09,1527.36,bull_trend|above_vwap|orb_bull|bos_bull
2025-09-22 18:30:00,NAS100,BUY,24773.28,27.6,82.7,55.1,WIN,9.16,1573.18,bull_trend|above_vwap|orb_bull|bos_bull
2025-09-22 19:30:00,NAS100,BUY,24759.82,27.4,82.1,54.8,WIN,9.44,1620.37,bull_trend|above_vwap
2025-09-23 15:30:00,NAS100,BUY,24687.96,25.0,75.0,45.7,LOSS,-3.24,1604.17,bull_trend|above_vwap
2025-09-26 15:30:00,NAS100,BUY,24433.11,51.8,155.4,103.6,LOSS,-3.21,1588.13,above_vwap
2025-09-26 16:30:00,NAS100,BUY,24480.72,52.2,156.6,104.4,WIN,9.53,1635.77,bull_trend|above_vwap
2025-09-26 17:30:00,NAS100,BUY,24487.78,52.1,156.2,104.1,LOSS,-3.27,1619.41,bull_trend|above_vwap
2025-09-26 18:30:00,NAS100,BUY,24498.09,51.6,154.7,103.2,LOSS,-3.24,1603.22,bull_trend|above_vwap|orb_bull
2025-09-26 19:30:00,NAS100,BUY,24503.74,51.0,153.1,102.1,LOSS,-3.21,1587.19,bull_trend|above_vwap
2025-09-29 15:30:00,NAS100,BUY,24623.53,47.2,141.6,94.4,WIN,9.52,1634.8,bull_trend|above_vwap
2025-09-29 16:30:00,NAS100,BUY,24607.31,45.9,137.8,91.9,LOSS,-3.27,1618.45,bull_trend|above_vwap
2025-09-29 17:30:00,NAS100,BUY,24634.58,42.5,127.5,85.0,WIN,9.71,1667.01,bull_trend|above_vwap
2025-09-29 18:30:00,NAS100,BUY,24581.35,42.8,128.4,85.6,LOSS,-3.33,1650.34,bull_trend|above_vwap
2025-09-29 19:30:00,NAS100,BUY,24611.66,42.7,128.0,85.3,LOSS,-3.3,1633.84,bull_trend|above_vwap
2025-09-30 15:30:00,NAS100,BUY,24582.29,38.6,115.8,77.2,WIN,9.8,1682.85,bull_trend|above_vwap
2025-09-30 16:30:00,NAS100,BUY,24525.18,39.2,117.6,78.4,WIN,10.1,1733.34,above_vwap
2025-09-30 17:30:00,NAS100,BUY,24601.42,40.5,121.4,81.0,LOSS,-3.47,1716.0,bull_trend|above_vwap
2025-09-30 18:30:00,NAS100,BUY,24637.14,41.1,123.4,82.3,LOSS,-3.43,1698.84,bull_trend|above_vwap|orb_bull
2025-09-30 19:30:00,NAS100,BUY,24678.75,42.5,127.6,85.1,LOSS,-3.4,1681.85,bull_trend|above_vwap|orb_bull
2025-10-01 15:30:00,NAS100,BUY,24727.51,38.6,115.7,77.1,LOSS,-3.36,1665.04,bull_trend|above_vwap|orb_bull
2025-10-01 16:30:00,NAS100,BUY,24762.97,38.4,115.1,76.7,LOSS,-3.33,1648.38,bull_trend|above_vwap|orb_bull|bos_bull
2025-10-01 17:30:00,NAS100,BUY,24792.01,38.6,115.9,77.3,LOSS,-3.3,1631.9,bull_trend|above_vwap|orb_bull|bos_bull
2025-10-01 18:30:00,NAS100,BUY,24806.69,36.8,110.4,73.6,LOSS,-3.26,1615.58,bull_trend|above_vwap|orb_bull|bos_bull
2025-10-01 19:30:00,NAS100,BUY,24799.24,36.1,108.4,72.3,WIN,9.69,1664.05,bull_trend|above_vwap|orb_bull
2025-10-02 15:30:00,NAS100,BUY,24852.14,37.1,111.3,74.2,WIN,9.98,1713.97,bull_trend|above_vwap
2025-10-02 16:30:00,NAS100,BUY,24876.46,36.0,108.0,72.0,LOSS,-3.43,1696.83,bull_trend|above_vwap
2025-10-02 17:30:00,NAS100,BUY,24895.23,33.7,101.0,67.3,LOSS,-3.39,1679.86,bull_trend|above_vwap
2025-10-02 18:30:00,NAS100,BUY,24910.65,32.9,98.7,65.8,WIN,10.08,1730.26,bull_trend|above_vwap
2025-10-02 19:30:00,NAS100,BUY,24897.55,31.5,94.5,63.0,LOSS,-3.46,1712.96,bull_trend|above_vwap
2025-10-03 15:30:00,NAS100,BUY,24933.8,30.1,90.4,60.3,LOSS,-3.43,1695.83,bull_trend|above_vwap
2025-10-03 16:30:00,NAS100,BUY,24819.31,32.4,97.2,64.8,LOSS,-3.39,1678.87,bull_trend|above_vwap
2025-10-03 17:30:00,NAS100,BUY,24828.75,35.1,105.2,70.1,LOSS,-3.36,1662.08,bull_trend|above_vwap
2025-10-06 15:30:00,NAS100,BUY,24995.59,37.1,111.3,74.2,LOSS,-3.32,1645.46,bull_trend|above_vwap|orb_bull
2025-10-06 16:30:00,NAS100,BUY,25013.37,37.0,110.9,73.9,WIN,9.87,1694.82,bull_trend|above_vwap|orb_bull|bos_bull
2025-10-06 17:30:00,NAS100,BUY,25028.4,37.1,111.3,74.2,LOSS,-3.39,1677.87,bull_trend|above_vwap|orb_bull|bos_bull
2025-10-06 18:30:00,NAS100,BUY,25013.58,37.5,112.4,74.9,LOSS,-3.36,1661.1,bull_trend|above_vwap|orb_bull
2025-10-06 19:30:00,NAS100,BUY,24976.26,37.8,113.4,75.6,LOSS,-3.32,1644.48,bull_trend|above_vwap
2025-10-08 15:30:00,NAS100,BUY,25048.49,35.8,107.3,71.5,LOSS,-3.29,1628.04,bull_trend|above_vwap|orb_bull
2025-10-08 16:30:00,NAS100,BUY,25064.1,35.1,105.4,70.2,WIN,9.77,1676.88,bull_trend|above_vwap
2025-10-08 17:30:00,NAS100,BUY,25082.02,35.2,105.5,70.3,WIN,10.06,1727.19,bull_trend|above_vwap|orb_bull|bos_bull
2025-10-08 18:30:00,NAS100,BUY,25110.98,35.6,106.9,71.3,LOSS,-3.45,1709.92,bull_trend|above_vwap|orb_bull|bos_bull
2025-10-08 19:30:00,NAS100,BUY,25134.68,35.5,106.6,71.1,LOSS,-3.42,1692.82,bull_trend|above_vwap|orb_bull|bos_bull
2025-10-09 15:30:00,NAS100,BUY,25059.24,32.0,95.9,63.9,WIN,10.16,1743.6,bull_trend|above_vwap
2025-10-09 17:30:00,NAS100,BUY,25018.93,32.9,98.7,65.8,WIN,10.46,1795.91,bull_trend|above_vwap
2025-10-09 18:30:00,NAS100,BUY,25069.41,34.2,102.5,68.3,LOSS,-3.59,1777.95,bull_trend|above_vwap
2025-10-09 19:30:00,NAS100,BUY,25095.87,33.8,101.4,67.6,WIN,10.67,1831.29,bull_trend|above_vwap
2025-10-10 18:30:00,NAS100,SELL,24354.7,67.6,202.8,135.2,LOSS,-3.66,1812.98,bear_trend|below_vwap|orb_bear|bos_bear
2025-10-10 19:30:00,NAS100,SELL,24225.48,72.2,216.6,144.4,WIN,10.88,1867.36,bear_trend|below_vwap|orb_bear|bos_bear
2025-10-13 19:30:00,NAS100,BUY,24747.95,88.8,266.3,177.5,WIN,11.2,1923.39,above_vwap
2025-10-14 16:30:00,NAS100,BUY,24745.3,79.2,237.7,158.5,LOSS,-3.85,1904.15,above_vwap
2025-10-14 17:30:00,NAS100,BUY,24736.93,77.4,232.3,154.9,WIN,11.42,1961.28,above_vwap
2025-10-14 18:30:00,NAS100,BUY,24723.75,72.9,218.7,145.8,WIN,11.77,2020.11,above_vwap
2025-10-14 19:30:00,NAS100,SELL,24582.46,74.2,222.6,148.4,WIN,12.12,2080.72,bear_trend|below_vwap|orb_bear
2025-10-15 15:30:00,NAS100,BUY,24787.01,69.6,208.8,139.2,WIN,12.48,2143.14,above_vwap
2025-10-15 16:30:00,NAS100,SELL,24571.49,77.6,232.9,155.3,WIN,12.86,2207.43,bear_trend|below_vwap|orb_bear
2025-10-15 18:30:00,NAS100,BUY,24766.0,81.2,243.7,162.5,WIN,13.24,2273.66,above_vwap
2025-10-15 19:30:00,NAS100,BUY,24745.39,83.2,249.6,166.4,WIN,13.64,2341.87,above_vwap
2025-10-16 15:30:00,NAS100,SELL,24704.59,75.8,227.5,151.7,WIN,14.05,2412.12,bear_trend|below_vwap|orb_bear
2025-10-16 16:30:00,NAS100,BUY,24758.69,80.6,241.8,161.2,LOSS,-4.82,2388.0,above_vwap
2025-10-16 17:30:00,NAS100,SELL,24528.4,88.6,265.9,177.3,LOSS,-4.78,2364.12,bear_trend|below_vwap|orb_bear
2025-10-16 18:30:00,NAS100,SELL,24566.93,93.0,279.0,186.0,LOSS,-4.73,2340.48,bear_trend|below_vwap|orb_bear
2025-10-16 19:30:00,NAS100,SELL,24655.82,90.2,270.7,180.4,WIN,14.04,2410.69,bear_trend|below_vwap|orb_bear
2025-10-17 15:30:00,NAS100,BUY,24778.72,96.2,288.6,192.4,LOSS,-4.82,2386.59,above_vwap
2025-10-17 17:30:00,NAS100,BUY,24845.37,90.8,272.5,181.7,LOSS,-4.77,2362.72,above_vwap|orb_bull
2025-10-17 18:30:00,NAS100,BUY,24858.77,90.9,272.7,181.8,LOSS,-4.73,2339.09,above_vwap|orb_bull
2025-10-17 19:30:00,NAS100,BUY,24813.58,89.1,267.4,178.2,WIN,14.03,2409.27,above_vwap
2025-10-20 15:30:00,NAS100,BUY,25142.59,84.3,252.9,168.6,WIN,14.46,2481.55,bull_trend|above_vwap|orb_bull
2025-10-20 16:30:00,NAS100,BUY,25167.2,78.6,235.8,157.2,WIN,14.89,2555.99,bull_trend|above_vwap|orb_bull
2025-10-20 17:30:00,NAS100,BUY,25166.06,69.5,208.5,139.0,WIN,15.34,2632.67,bull_trend|above_vwap|orb_bull
2025-10-20 18:30:00,NAS100,BUY,25153.86,65.1,195.3,130.2,LOSS,-5.27,2606.34,bull_trend|above_vwap
2025-10-20 19:30:00,NAS100,BUY,25137.57,61.5,184.6,123.1,LOSS,-5.21,2580.28,bull_trend|above_vwap
2025-10-21 15:30:00,NAS100,BUY,25171.43,44.1,132.3,88.2,WIN,15.48,2657.69,bull_trend|above_vwap
2025-10-21 16:30:00,NAS100,BUY,25118.07,42.7,128.0,85.3,WIN,15.95,2737.42,bull_trend|above_vwap
2025-10-21 17:30:00,NAS100,BUY,25149.26,37.8,113.3,75.5,LOSS,-5.47,2710.05,bull_trend|above_vwap
2025-10-21 18:30:00,NAS100,BUY,25145.44,36.2,108.5,72.4,WIN,16.26,2791.35,bull_trend|above_vwap
2025-10-21 19:30:00,NAS100,BUY,25125.79,36.1,108.2,72.1,LOSS,-5.58,2763.43,bull_trend|above_vwap
2025-10-23 15:30:00,NAS100,BUY,25044.55,50.8,152.3,101.5,WIN,16.58,2846.34,bull_trend|above_vwap|orb_bull
2025-10-23 16:30:00,NAS100,BUY,25049.18,49.3,148.0,98.7,LOSS,-5.69,2817.87,bull_trend|above_vwap|orb_bull
2025-10-23 17:30:00,NAS100,BUY,25119.38,50.4,151.3,100.9,WIN,16.91,2902.41,bull_trend|above_vwap|orb_bull
2025-10-23 18:30:00,NAS100,BUY,25120.26,50.5,151.5,101.0,LOSS,-5.8,2873.39,bull_trend|above_vwap|orb_bull
2025-10-23 19:30:00,NAS100,BUY,25096.05,50.5,151.6,101.1,LOSS,-5.75,2844.65,bull_trend|above_vwap
2025-10-24 15:30:00,NAS100,BUY,25388.17,50.2,150.5,100.4,LOSS,-5.69,2816.21,bull_trend|above_vwap|orb_bull
2025-10-24 16:30:00,NAS100,BUY,25397.35,45.6,136.7,91.1,LOSS,-5.63,2788.04,bull_trend|above_vwap|orb_bull
2025-10-24 17:30:00,NAS100,BUY,25394.9,42.1,126.4,84.3,LOSS,-5.58,2760.16,bull_trend|above_vwap|orb_bull
2025-10-24 18:30:00,NAS100,BUY,25412.16,39.2,117.7,78.4,LOSS,-5.52,2732.56,bull_trend|above_vwap
2025-10-24 19:30:00,NAS100,BUY,25355.5,39.8,119.5,79.7,LOSS,-5.47,2705.24,bull_trend|above_vwap
2025-10-27 15:30:00,NAS100,BUY,25756.63,44.4,133.1,88.7,WIN,16.23,2786.39,bull_trend|above_vwap|orb_bull|bos_bull
2025-10-27 16:30:00,NAS100,BUY,25755.42,43.6,130.7,87.1,LOSS,-5.57,2758.53,bull_trend|above_vwap|orb_bull
2025-10-27 17:30:00,NAS100,BUY,25783.84,42.3,126.8,84.5,LOSS,-5.52,2730.94,bull_trend|above_vwap|orb_bull|bos_bull
2025-10-27 18:30:00,NAS100,BUY,25780.97,42.1,126.3,84.2,LOSS,-5.46,2703.63,bull_trend|above_vwap|orb_bull
2025-10-27 19:30:00,NAS100,BUY,25820.08,42.5,127.6,85.1,LOSS,-5.41,2676.6,bull_trend|above_vwap|orb_bull|bos_bull
2025-10-28 15:30:00,NAS100,BUY,25946.72,36.2,108.6,72.4,LOSS,-5.35,2649.83,bull_trend|above_vwap
2025-10-28 16:30:00,NAS100,BUY,25980.07,36.6,109.9,73.2,LOSS,-5.3,2623.33,bull_trend|above_vwap|orb_bull|bos_bull
2025-10-28 17:30:00,NAS100,BUY,26038.02,37.7,113.1,75.4,WIN,15.74,2702.03,bull_trend|above_vwap|orb_bull|bos_bull
2025-10-28 18:30:00,NAS100,BUY,26081.72,38.4,115.1,76.7,WIN,16.21,2783.09,bull_trend|above_vwap|orb_bull|bos_bull
2025-10-28 19:30:00,NAS100,BUY,26012.92,38.8,116.5,77.7,LOSS,-5.57,2755.26,bull_trend|above_vwap|orb_bull
2025-10-29 15:30:00,NAS100,BUY,26107.91,33.6,100.7,67.1,LOSS,-5.51,2727.71,bull_trend|above_vwap
2025-10-29 16:30:00,NAS100,BUY,26088.6,34.3,102.9,68.6,WIN,16.37,2809.54,bull_trend|above_vwap
2025-10-29 17:30:00,NAS100,BUY,26099.09,35.3,106.0,70.7,WIN,16.86,2893.83,bull_trend|above_vwap
2025-10-29 18:30:00,NAS100,BUY,26048.29,42.5,127.5,85.0,WIN,17.36,2980.64,bull_trend|above_vwap
2025-10-29 19:30:00,NAS100,BUY,26118.69,44.9,134.7,89.8,WIN,17.88,3070.06,bull_trend|above_vwap
2025-11-03 16:30:00,NAS100,BUY,25972.38,68.5,205.4,136.9,WIN,18.42,3162.16,bull_trend|above_vwap
2025-11-03 17:30:00,NAS100,BUY,26009.99,67.7,203.1,135.4,LOSS,-6.32,3130.54,bull_trend|above_vwap
2025-11-03 18:30:00,NAS100,BUY,25964.35,67.5,202.4,134.9,WIN,18.78,3224.46,bull_trend|above_vwap
2025-11-03 19:30:00,NAS100,BUY,25967.54,64.5,193.4,128.9,LOSS,-6.45,3192.21,bull_trend|above_vwap
2025-11-06 15:30:00,NAS100,SELL,25215.82,60.3,180.8,120.5,LOSS,-6.38,3160.29,bear_trend|below_vwap|orb_bear|bos_bear
2025-11-06 16:30:00,NAS100,SELL,25126.64,59.9,179.6,119.7,LOSS,-6.32,3128.69,bear_trend|below_vwap|orb_bear|bos_bear
2025-11-06 17:30:00,NAS100,SELL,25207.64,60.4,181.2,120.8,WIN,18.77,3222.55,bear_trend|below_vwap|orb_bear
2025-11-06 18:30:00,NAS100,SELL,25312.79,61.9,185.8,123.8,LOSS,-6.45,3190.33,bear_trend|below_vwap|orb_bear
2025-11-07 15:30:00,NAS100,SELL,24687.12,72.3,217.0,144.7,LOSS,-6.38,3158.42,bear_trend|below_vwap|orb_bear|bos_bear
2025-11-07 16:30:00,NAS100,SELL,24724.6,75.5,226.5,151.0,LOSS,-6.32,3126.84,bear_trend|below_vwap|orb_bear
2025-11-07 17:30:00,NAS100,SELL,24814.6,79.5,238.5,159.0,LOSS,-6.25,3095.57,bear_trend|below_vwap|orb_bear
2025-11-07 18:30:00,NAS100,SELL,24844.49,81.3,244.0,162.7,LOSS,-6.19,3064.61,bear_trend|below_vwap
2025-11-07 19:30:00,NAS100,SELL,24950.25,85.8,257.3,171.5,LOSS,-6.13,3033.97,bear_trend|below_vwap
2025-11-10 15:30:00,NAS100,BUY,25383.52,90.9,272.8,181.9,WIN,18.2,3124.99,above_vwap
2025-11-10 16:30:00,NAS100,BUY,25449.55,90.3,270.9,180.6,LOSS,-6.25,3093.74,above_vwap
2025-11-10 17:30:00,NAS100,BUY,25526.32,89.5,268.5,179.0,WIN,18.56,3186.55,above_vwap
2025-11-10 18:30:00,NAS100,BUY,25583.67,87.4,262.2,174.8,LOSS,-6.37,3154.68,above_vwap|orb_bull
2025-11-10 19:30:00,NAS100,BUY,25605.3,86.3,258.8,172.5,LOSS,-6.31,3123.14,above_vwap|orb_bull
2025-11-11 15:30:00,NAS100,BUY,25408.48,73.5,220.5,147.0,WIN,18.74,3216.83,above_vwap
2025-11-11 16:30:00,NAS100,BUY,25459.4,72.0,216.0,144.0,LOSS,-6.43,3184.66,above_vwap
2025-11-11 17:30:00,NAS100,BUY,25536.87,70.1,210.4,140.2,WIN,19.11,3280.2,above_vwap
2025-11-11 18:30:00,NAS100,BUY,25555.33,69.5,208.6,139.1,LOSS,-6.56,3247.4,above_vwap
2025-11-11 19:30:00,NAS100,BUY,25552.28,64.5,193.5,129.0,WIN,19.48,3344.82,above_vwap
2025-11-12 15:30:00,NAS100,BUY,25482.73,49.7,149.0,99.4,LOSS,-6.69,3311.37,above_vwap
2025-11-12 16:30:00,NAS100,BUY,25453.43,49.7,149.2,99.5,WIN,19.87,3410.71,above_vwap
2025-11-12 17:30:00,NAS100,BUY,25507.64,48.8,146.3,97.5,LOSS,-6.82,3376.61,above_vwap
2025-11-12 18:30:00,NAS100,BUY,25477.32,48.8,146.4,97.6,LOSS,-6.75,3342.84,above_vwap
2025-11-12 19:30:00,NAS100,BUY,25501.1,49.0,146.9,97.9,LOSS,-6.69,3309.41,above_vwap
2025-11-13 15:30:00,NAS100,SELL,25126.7,57.6,172.9,115.3,LOSS,-6.62,3276.32,bear_trend|below_vwap|orb_bear|bos_bear
2025-11-13 16:30:00,NAS100,SELL,25135.87,57.3,171.8,114.5,LOSS,-6.55,3243.56,bear_trend|below_vwap|orb_bear
2025-11-13 17:30:00,NAS100,SELL,24974.05,60.2,180.7,120.5,LOSS,-6.49,3211.12,bear_trend|below_vwap|orb_bear|bos_bear
2025-11-13 18:30:00,NAS100,SELL,25023.07,61.2,183.5,122.3,WIN,19.27,3307.45,bear_trend|below_vwap|orb_bear
2025-11-13 19:30:00,NAS100,SELL,24974.58,64.5,193.6,129.0,LOSS,-6.61,3274.38,bear_trend|below_vwap|orb_bear
2025-11-14 15:30:00,NAS100,SELL,25149.91,81.2,243.6,162.4,WIN,19.65,3372.61,bear_trend|below_vwap|orb_bear
2025-11-14 16:30:00,NAS100,SELL,25169.81,80.9,242.8,161.9,LOSS,-6.75,3338.88,bear_trend|below_vwap
2025-11-14 17:30:00,NAS100,SELL,25073.06,83.8,251.4,167.6,WIN,20.03,3439.05,bear_trend|below_vwap
2025-11-14 18:30:00,NAS100,SELL,25110.43,85.9,257.7,171.8,LOSS,-6.88,3404.66,bear_trend|below_vwap
2025-11-14 19:30:00,NAS100,SELL,25052.57,88.2,264.6,176.4,LOSS,-6.81,3370.61,bear_trend|below_vwap
2025-11-17 15:30:00,NAS100,SELL,24983.0,88.0,263.9,175.9,LOSS,-6.74,3336.91,bear_trend|below_vwap|orb_bear
2025-11-17 16:30:00,NAS100,SELL,25060.12,89.0,267.0,178.0,LOSS,-6.67,3303.54,bear_trend|below_vwap|orb_bear
2025-11-17 17:30:00,NAS100,SELL,24895.21,89.3,268.0,178.7,LOSS,-6.61,3270.5,bear_trend|below_vwap|orb_bear
2025-11-17 18:30:00,NAS100,SELL,24779.36,93.3,279.8,186.5,LOSS,-6.54,3237.8,bear_trend|below_vwap|orb_bear
2025-11-17 19:30:00,NAS100,SELL,24699.59,94.0,282.0,188.0,LOSS,-6.48,3205.42,bear_trend|below_vwap|orb_bear
2025-11-18 15:30:00,NAS100,SELL,24561.82,94.3,283.0,188.6,LOSS,-6.41,3173.37,bear_trend|below_vwap|orb_bear
2025-11-18 16:30:00,NAS100,SELL,24453.21,96.1,288.2,192.1,LOSS,-6.35,3141.63,bear_trend|below_vwap|orb_bear
2025-11-18 17:30:00,NAS100,SELL,24644.49,100.7,302.1,201.4,WIN,18.85,3235.88,bear_trend|below_vwap|orb_bear
2025-11-18 18:30:00,NAS100,SELL,24624.04,99.9,299.6,199.7,WIN,19.42,3332.96,bear_trend|below_vwap
2025-11-18 19:30:00,NAS100,SELL,24607.17,101.0,303.0,202.0,WIN,20.0,3432.95,bear_trend|below_vwap|orb_bear
2025-11-19 15:30:00,NAS100,SELL,24629.28,109.7,329.0,219.3,LOSS,-6.87,3398.62,bear_trend|below_vwap|orb_bear
2025-11-19 16:30:00,NAS100,SELL,24551.76,109.8,329.4,219.6,LOSS,-6.8,3364.63,bear_trend|below_vwap|orb_bear
2025-11-19 17:30:00,NAS100,SELL,24518.82,108.7,326.2,217.4,LOSS,-6.73,3330.98,bear_trend|below_vwap|orb_bear
2025-11-19 18:30:00,NAS100,SELL,24515.22,104.9,314.8,209.9,LOSS,-6.66,3297.68,bear_trend|below_vwap|orb_bear
2025-11-19 19:30:00,NAS100,SELL,24689.0,107.8,323.4,215.6,WIN,19.79,3396.61,bear_trend|above_vwap|orb_bear
2025-11-20 16:30:00,NAS100,SELL,24367.26,130.9,392.8,261.9,LOSS,-6.79,3362.64,bear_trend|below_vwap|orb_bear
2025-11-20 17:30:00,NAS100,SELL,24423.68,130.7,392.2,261.5,LOSS,-6.73,3329.01,bear_trend|below_vwap|orb_bear
2025-11-20 18:30:00,NAS100,SELL,24269.23,137.9,413.6,275.7,WIN,19.97,3428.88,bear_trend|below_vwap|orb_bear
2025-11-20 19:30:00,NAS100,SELL,24212.27,137.9,413.6,275.7,WIN,20.57,3531.75,bear_trend|below_vwap|orb_bear
2025-11-21 15:30:00,NAS100,SELL,24101.76,133.9,401.6,267.7,WIN,21.19,3637.7,bear_trend|below_vwap|orb_bear
2025-11-21 16:30:00,NAS100,SELL,24281.61,137.6,412.8,275.2,WIN,21.83,3746.83,bear_trend|below_vwap|orb_bear
2025-11-21 17:30:00,NAS100,SELL,24191.93,138.8,416.5,277.7,WIN,22.48,3859.24,bear_trend|below_vwap
2025-11-21 19:30:00,NAS100,SELL,24318.61,145.9,437.8,291.9,LOSS,-7.72,3820.65,bear_trend|below_vwap
2025-11-26 15:30:00,NAS100,BUY,25259.38,57.8,173.3,115.6,LOSS,-7.64,3782.44,bull_trend|above_vwap|orb_bull|bos_bull
2025-11-26 16:30:00,NAS100,BUY,25273.78,57.8,173.5,115.7,LOSS,-7.56,3744.62,bull_trend|above_vwap|orb_bull|bos_bull
2025-11-26 17:30:00,NAS100,BUY,25280.34,58.2,174.5,116.3,LOSS,-7.49,3707.17,bull_trend|above_vwap
2025-11-26 18:30:00,NAS100,BUY,25280.78,58.6,175.9,117.3,LOSS,-7.41,3670.1,bull_trend|above_vwap
2025-11-26 19:30:00,NAS100,BUY,25283.12,58.0,174.1,116.0,LOSS,-7.34,3633.4,bull_trend|above_vwap
2025-11-28 15:30:00,NAS100,BUY,25335.5,49.3,148.0,98.7,LOSS,-7.27,3597.06,bull_trend|above_vwap|orb_bull
2025-11-28 16:30:00,NAS100,BUY,25363.89,45.6,136.8,91.2,LOSS,-7.19,3561.09,bull_trend|above_vwap
2025-12-01 15:30:00,NAS100,BUY,25330.74,52.1,156.3,104.2,WIN,21.37,3667.92,bull_trend|above_vwap
2025-12-01 16:30:00,NAS100,BUY,25399.95,50.9,152.8,101.9,LOSS,-7.34,3631.25,bull_trend|above_vwap|orb_bull|bos_bull
2025-12-01 17:30:00,NAS100,BUY,25410.47,49.6,148.7,99.1,LOSS,-7.26,3594.93,bull_trend|above_vwap|orb_bull
2025-12-01 18:30:00,NAS100,BUY,25342.2,46.1,138.2,92.2,LOSS,-7.19,3558.98,bull_trend|above_vwap
2025-12-01 19:30:00,NAS100,BUY,25348.93,42.8,128.4,85.6,WIN,21.35,3665.75,bull_trend|above_vwap
2025-12-02 15:30:00,NAS100,BUY,25414.3,54.9,164.7,109.8,LOSS,-7.33,3629.1,bull_trend|above_vwap|orb_bull
2025-12-02 16:30:00,NAS100,BUY,25557.5,60.1,180.3,120.2,LOSS,-7.26,3592.8,bull_trend|above_vwap
2025-12-02 17:30:00,NAS100,BUY,25516.48,62.5,187.5,125.0,WIN,21.56,3700.59,bull_trend|above_vwap
2025-12-02 18:30:00,NAS100,BUY,25537.79,60.5,181.5,121.0,LOSS,-7.4,3663.58,bull_trend|above_vwap
2025-12-02 19:30:00,NAS100,BUY,25585.66,59.8,179.3,119.6,LOSS,-7.33,3626.95,bull_trend|above_vwap
2025-12-03 15:30:00,NAS100,BUY,25520.07,56.5,169.5,113.0,WIN,21.76,3735.76,bull_trend|above_vwap
2025-12-03 16:30:00,NAS100,BUY,25576.37,56.9,170.8,113.9,LOSS,-7.47,3698.4,bull_trend|above_vwap
2025-12-03 17:30:00,NAS100,BUY,25580.92,56.5,169.5,113.0,LOSS,-7.4,3661.41,bull_trend|above_vwap
2025-12-03 18:30:00,NAS100,BUY,25600.97,54.1,162.3,108.2,WIN,21.97,3771.26,bull_trend|above_vwap|orb_bull
2025-12-03 19:30:00,NAS100,BUY,25635.76,53.7,161.0,107.3,LOSS,-7.54,3733.54,bull_trend|above_vwap|orb_bull|bos_bull
2025-12-04 15:30:00,NAS100,BUY,25540.31,46.6,139.8,93.2,LOSS,-7.47,3696.21,bull_trend|above_vwap
2025-12-04 16:30:00,NAS100,BUY,25556.92,42.6,127.8,85.2,WIN,22.18,3807.09,bull_trend|above_vwap
2025-12-04 17:30:00,NAS100,BUY,25579.76,39.9,119.8,79.9,LOSS,-7.61,3769.02,bull_trend|above_vwap
2025-12-05 15:30:00,NAS100,BUY,25660.47,48.7,146.0,97.3,LOSS,-7.54,3731.33,bull_trend|above_vwap
2025-12-05 16:30:00,NAS100,BUY,25658.02,48.8,146.5,97.6,WIN,22.39,3843.27,bull_trend|above_vwap
2025-12-05 17:30:00,NAS100,BUY,25705.65,50.2,150.6,100.4,LOSS,-7.69,3804.84,bull_trend|above_vwap
2025-12-05 18:30:00,NAS100,BUY,25684.37,50.8,152.5,101.7,LOSS,-7.61,3766.79,bull_trend|above_vwap
2025-12-05 19:30:00,NAS100,BUY,25687.09,50.6,151.9,101.3,WIN,22.6,3879.8,bull_trend|above_vwap
2025-12-08 15:30:00,NAS100,BUY,25627.79,51.3,153.8,102.5,LOSS,-7.76,3841.0,bull_trend|above_vwap
2025-12-09 15:30:00,NAS100,BUY,25657.86,40.1,120.4,80.3,WIN,23.05,3956.23,bull_trend|above_vwap|orb_bull
2025-12-09 16:30:00,NAS100,BUY,25674.75,38.7,116.2,77.4,LOSS,-7.91,3916.67,bull_trend|above_vwap|orb_bull
2025-12-09 17:30:00,NAS100,BUY,25692.07,37.4,112.1,74.7,LOSS,-7.83,3877.5,bull_trend|above_vwap
2025-12-09 18:30:00,NAS100,BUY,25675.38,37.1,111.2,74.1,LOSS,-7.75,3838.72,bull_trend|above_vwap|orb_bull
2025-12-09 19:30:00,NAS100,BUY,25664.95,36.8,110.3,73.5,WIN,23.03,3953.89,bull_trend|above_vwap
2025-12-10 18:30:00,NAS100,BUY,25634.3,34.8,104.4,69.6,LOSS,-7.91,3914.35,bull_trend|above_vwap|orb_bull
2025-12-10 19:30:00,NAS100,BUY,25803.88,42.0,126.0,84.0,WIN,23.49,4031.78,bull_trend|above_vwap|orb_bull
2025-12-11 18:30:00,NAS100,BUY,25669.94,61.2,183.7,122.5,WIN,24.19,4152.73,bull_trend|above_vwap
2025-12-11 19:30:00,NAS100,BUY,25652.39,61.9,185.6,123.7,WIN,24.92,4277.31,bull_trend|above_vwap
2025-12-12 15:30:00,NAS100,SELL,25206.96,77.6,232.8,155.2,LOSS,-8.55,4234.54,below_vwap|orb_bear|bos_bear
2025-12-12 16:30:00,NAS100,SELL,25205.44,82.5,247.4,164.9,WIN,25.41,4361.58,below_vwap|orb_bear
2025-12-12 17:30:00,NAS100,SELL,25319.12,85.7,257.0,171.3,LOSS,-8.72,4317.96,bear_trend|below_vwap|orb_bear
2025-12-12 18:30:00,NAS100,SELL,25207.13,85.3,255.9,170.6,LOSS,-8.64,4274.78,bear_trend|below_vwap|orb_bear
2025-12-12 19:30:00,NAS100,SELL,25195.57,78.8,236.3,157.6,WIN,25.65,4403.02,bear_trend|below_vwap|orb_bear
2025-12-15 15:30:00,NAS100,SELL,25232.48,79.2,237.6,158.4,WIN,26.42,4535.11,bear_trend|below_vwap|orb_bear
2025-12-15 16:30:00,NAS100,SELL,25128.75,78.0,234.1,156.0,WIN,27.21,4671.17,bear_trend|below_vwap|orb_bear
2025-12-15 17:30:00,NAS100,SELL,25081.45,79.3,237.8,158.5,LOSS,-9.34,4624.46,bear_trend|below_vwap|orb_bear
2025-12-15 18:30:00,NAS100,SELL,25115.84,79.5,238.6,159.1,LOSS,-9.25,4578.21,bear_trend|below_vwap|orb_bear
2025-12-15 19:30:00,NAS100,SELL,25101.07,79.7,239.0,159.3,WIN,27.47,4715.56,bear_trend|below_vwap|orb_bear
2025-12-16 15:30:00,NAS100,SELL,24975.75,68.5,205.5,137.0,LOSS,-9.43,4668.4,bear_trend|below_vwap|orb_bear
2025-12-16 16:30:00,NAS100,SELL,25016.96,66.8,200.3,133.5,WIN,28.01,4808.45,bear_trend|below_vwap|orb_bear
2025-12-16 17:30:00,NAS100,SELL,24948.23,65.6,196.7,131.1,LOSS,-9.62,4760.37,bear_trend|below_vwap|orb_bear
2025-12-16 18:30:00,NAS100,SELL,25026.52,66.0,198.1,132.0,LOSS,-9.52,4712.77,bear_trend|below_vwap|orb_bear
2025-12-16 19:30:00,NAS100,SELL,25120.11,67.6,202.7,135.1,LOSS,-9.43,4665.64,bear_trend|below_vwap|orb_bear
2025-12-17 15:30:00,NAS100,SELL,24834.24,65.4,196.3,130.9,LOSS,-9.33,4618.98,bear_trend|below_vwap|orb_bear|bos_bear
2025-12-17 16:30:00,NAS100,SELL,24807.51,63.9,191.6,127.7,LOSS,-9.24,4572.79,bear_trend|below_vwap|orb_bear
2025-12-17 17:30:00,NAS100,SELL,24778.62,63.6,190.7,127.2,WIN,27.44,4709.98,bear_trend|below_vwap|orb_bear
2025-12-17 18:30:00,NAS100,SELL,24706.25,63.1,189.3,126.2,WIN,28.26,4851.28,bear_trend|below_vwap|orb_bear|bos_bear
2025-12-17 19:30:00,NAS100,SELL,24716.79,63.6,190.8,127.2,WIN,29.11,4996.81,bear_trend|below_vwap|orb_bear
2025-12-19 15:30:00,NAS100,BUY,25301.29,73.8,221.4,147.6,LOSS,-9.99,4946.85,above_vwap
2025-12-19 16:30:00,NAS100,BUY,25331.16,73.4,220.2,146.8,LOSS,-9.89,4897.38,above_vwap
2025-12-19 17:30:00,NAS100,BUY,25332.97,71.5,214.5,143.0,LOSS,-9.79,4848.4,above_vwap
2025-12-19 18:30:00,NAS100,BUY,25340.59,70.0,210.1,140.0,LOSS,-9.7,4799.92,above_vwap
2025-12-19 19:30:00,NAS100,BUY,25342.42,68.5,205.6,137.0,WIN,28.8,4943.92,above_vwap
2025-12-22 15:30:00,NAS100,BUY,25478.61,58.4,175.1,116.7,LOSS,-9.89,4894.48,bull_trend|above_vwap
2025-12-22 16:30:00,NAS100,BUY,25467.1,51.5,154.4,103.0,WIN,29.37,5041.31,bull_trend|above_vwap
2025-12-22 17:30:00,NAS100,BUY,25458.48,47.7,143.2,95.5,WIN,30.25,5192.55,bull_trend|above_vwap
2025-12-22 18:30:00,NAS100,BUY,25464.53,43.7,131.1,87.4,LOSS,-10.39,5140.63,bull_trend|above_vwap
2025-12-22 19:30:00,NAS100,BUY,25454.06,40.8,122.3,81.5,LOSS,-10.28,5089.22,bull_trend|above_vwap
2025-12-23 15:30:00,NAS100,BUY,25510.57,30.2,90.7,60.5,LOSS,-10.18,5038.33,bull_trend|above_vwap|orb_bull
2025-12-23 16:30:00,NAS100,BUY,25534.14,29.0,87.0,58.0,WIN,30.23,5189.48,bull_trend|above_vwap|orb_bull
2025-12-23 17:30:00,NAS100,BUY,25538.25,28.7,86.2,57.4,LOSS,-10.38,5137.58,bull_trend|above_vwap|orb_bull
2025-12-23 18:30:00,NAS100,BUY,25554.25,28.1,84.3,56.2,WIN,30.83,5291.71,bull_trend|above_vwap|orb_bull|bos_bull
2025-12-23 19:30:00,NAS100,BUY,25565.7,28.2,84.5,56.3,LOSS,-10.58,5238.79,bull_trend|above_vwap|orb_bull|bos_bull
2025-12-24 15:30:00,NAS100,BUY,25628.36,25.0,75.0,41.7,LOSS,-10.48,5186.4,bull_trend|above_vwap|orb_bull|bos_bull
2025-12-24 16:30:00,NAS100,BUY,25649.62,25.0,75.0,42.0,WIN,31.12,5342.0,bull_trend|above_vwap|orb_bull|bos_bull
2025-12-26 15:30:00,NAS100,BUY,25667.06,25.0,75.0,47.4,WIN,32.05,5502.26,bull_trend|above_vwap
2025-12-26 16:30:00,NAS100,BUY,25663.66,25.0,75.0,47.8,WIN,33.01,5667.32,bull_trend|above_vwap
2025-12-26 17:30:00,NAS100,BUY,25654.63,25.0,75.0,48.2,LOSS,-11.33,5610.65,bull_trend|above_vwap
2025-12-26 18:30:00,NAS100,BUY,25666.04,25.0,75.0,42.2,LOSS,-11.22,5554.54,bull_trend|above_vwap
2025-12-26 19:30:00,NAS100,BUY,25657.07,25.0,75.0,38.3,LOSS,-11.11,5499.0,bull_trend|above_vwap
2025-12-30 15:30:00,NAS100,BUY,25557.42,30.7,92.0,61.3,LOSS,-11.0,5444.01,bull_trend|below_vwap|orb_bull
2025-12-31 19:30:00,NAS100,SELL,25277.44,29.4,88.1,58.7,LOSS,-10.89,5389.57,below_vwap|orb_bear|bos_bear
2026-01-02 15:30:00,NAS100,SELL,25192.63,46.4,139.2,92.8,WIN,32.34,5551.26,bear_trend|below_vwap|orb_bear|bos_bear
2026-01-02 16:30:00,NAS100,SELL,25198.73,48.1,144.2,96.1,LOSS,-11.1,5495.74,bear_trend|below_vwap|orb_bear
2026-01-02 17:30:00,NAS100,SELL,25148.03,50.2,150.5,100.3,WIN,32.97,5660.62,bear_trend|below_vwap|orb_bear
2026-01-02 18:30:00,NAS100,SELL,25220.99,54.2,162.5,108.4,LOSS,-11.32,5604.01,bear_trend|below_vwap|orb_bear
2026-01-02 19:30:00,NAS100,SELL,25247.66,54.6,163.7,109.2,LOSS,-11.21,5547.97,bear_trend|below_vwap|orb_bear
2026-01-05 15:30:00,NAS100,BUY,25500.97,61.8,185.5,123.7,LOSS,-11.1,5492.49,above_vwap|orb_bull
2026-01-05 16:30:00,NAS100,BUY,25443.64,63.7,191.1,127.4,LOSS,-10.98,5437.57,above_vwap|orb_bull
2026-01-05 17:30:00,NAS100,BUY,25418.12,65.2,195.7,130.4,WIN,32.63,5600.69,above_vwap
2026-01-05 18:30:00,NAS100,BUY,25403.01,64.8,194.3,129.5,LOSS,-11.2,5544.69,above_vwap
2026-01-05 19:30:00,NAS100,BUY,25414.43,62.8,188.4,125.6,LOSS,-11.09,5489.24,above_vwap
2026-01-06 16:30:00,NAS100,BUY,25549.9,49.4,148.2,98.8,LOSS,-10.98,5434.35,bull_trend|above_vwap
2026-01-06 17:30:00,NAS100,BUY,25577.03,48.1,144.2,96.2,WIN,32.61,5597.38,bull_trend|above_vwap|orb_bull
2026-01-06 18:30:00,NAS100,BUY,25623.54,45.2,135.6,90.4,WIN,33.58,5765.3,bull_trend|above_vwap|orb_bull|bos_bull
2026-01-07 15:30:00,NAS100,BUY,25712.46,37.3,111.9,74.6,WIN,34.59,5938.26,bull_trend|above_vwap|orb_bull|bos_bull
2026-01-07 16:30:00,NAS100,BUY,25802.21,37.5,112.6,75.0,WIN,35.63,6116.4,bull_trend|above_vwap|orb_bull|bos_bull
2026-01-07 17:30:00,NAS100,BUY,25752.55,37.2,111.6,74.4,LOSS,-12.23,6055.24,bull_trend|above_vwap|orb_bull
2026-01-07 18:30:00,NAS100,BUY,25720.85,38.9,116.6,77.7,LOSS,-12.11,5994.69,bull_trend|above_vwap
2026-01-07 19:30:00,NAS100,BUY,25679.34,39.3,118.0,78.7,LOSS,-11.99,5934.74,bull_trend|above_vwap
2026-01-09 15:30:00,NAS100,BUY,25690.53,49.2,147.6,98.4,LOSS,-11.87,5875.39,bull_trend|above_vwap|orb_bull
2026-01-09 16:30:00,NAS100,BUY,25739.06,48.5,145.4,96.9,LOSS,-11.75,5816.64,bull_trend|above_vwap|orb_bull
2026-01-09 17:30:00,NAS100,BUY,25735.95,47.9,143.7,95.8,WIN,34.9,5991.14,bull_trend|above_vwap|orb_bull
2026-01-09 18:30:00,NAS100,BUY,25786.7,47.0,140.9,93.9,LOSS,-11.98,5931.23,bull_trend|above_vwap|orb_bull
2026-01-09 19:30:00,NAS100,BUY,25794.9,45.9,137.7,91.8,WIN,35.59,6109.16,bull_trend|above_vwap|orb_bull
2026-01-12 15:30:00,NAS100,BUY,25771.13,41.4,124.2,82.8,WIN,36.65,6292.44,bull_trend|above_vwap
2026-01-12 16:30:00,NAS100,BUY,25794.77,40.0,119.9,79.9,LOSS,-12.58,6229.51,bull_trend|above_vwap
2026-01-12 17:30:00,NAS100,BUY,25823.81,39.1,117.4,78.3,LOSS,-12.46,6167.22,bull_trend|above_vwap|orb_bull|bos_bull
2026-01-12 18:30:00,NAS100,BUY,25829.6,37.8,113.5,75.7,WIN,37.0,6352.24,bull_trend|above_vwap|orb_bull|bos_bull
2026-01-12 19:30:00,NAS100,BUY,25824.15,36.6,109.9,73.2,LOSS,-12.7,6288.71,bull_trend|above_vwap|orb_bull
2026-01-13 15:30:00,NAS100,BUY,25741.06,35.9,107.7,71.8,LOSS,-12.58,6225.83,bull_trend|above_vwap
2026-01-13 16:30:00,NAS100,BUY,25801.78,37.7,113.1,75.4,LOSS,-12.45,6163.57,bull_trend|above_vwap
2026-01-14 15:30:00,NAS100,SELL,25417.03,54.9,164.6,109.7,LOSS,-12.33,6101.93,below_vwap|orb_bear
2026-01-14 16:30:00,NAS100,SELL,25332.73,58.2,174.6,116.4,LOSS,-12.2,6040.91,below_vwap|orb_bear
2026-01-14 17:30:00,NAS100,SELL,25336.71,58.8,176.3,117.5,WIN,36.25,6222.14,below_vwap|orb_bear
2026-01-14 18:30:00,NAS100,SELL,25351.54,60.8,182.5,121.7,LOSS,-12.44,6159.92,bear_trend|below_vwap|orb_bear
2026-01-14 19:30:00,NAS100,SELL,25398.71,64.0,192.1,128.0,LOSS,-12.32,6098.32,bear_trend|below_vwap|orb_bear
2026-01-15 15:30:00,NAS100,BUY,25740.96,68.6,205.7,137.1,LOSS,-12.2,6037.34,above_vwap
2026-01-15 16:30:00,NAS100,BUY,25718.39,66.1,198.4,132.3,LOSS,-12.07,5976.96,bull_trend|above_vwap
2026-01-15 17:30:00,NAS100,BUY,25735.3,63.5,190.6,127.0,WIN,35.86,6156.27,bull_trend|above_vwap
2026-01-15 18:30:00,NAS100,BUY,25638.1,64.8,194.3,129.5,LOSS,-12.31,6094.71,bull_trend|above_vwap
2026-01-16 18:30:00,NAS100,SELL,25528.57,53.6,160.9,107.3,LOSS,-12.19,6033.76,bear_trend|below_vwap|orb_bear
2026-01-20 15:30:00,NAS100,SELL,25258.1,53.8,161.3,107.5,LOSS,-12.07,5973.42,bear_trend|below_vwap|orb_bear
2026-01-20 16:30:00,NAS100,SELL,25193.08,55.1,165.3,110.2,LOSS,-11.95,5913.69,bear_trend|below_vwap|orb_bear
2026-01-20 17:30:00,NAS100,SELL,25104.37,56.7,170.1,113.4,LOSS,-11.83,5854.55,bear_trend|below_vwap|orb_bear
2026-01-20 18:30:00,NAS100,SELL,25015.54,56.2,168.7,112.5,LOSS,-11.71,5796.01,bear_trend|below_vwap|orb_bear|bos_bear
2026-01-20 19:30:00,NAS100,SELL,24983.26,54.6,163.8,109.2,LOSS,-11.59,5738.05,bear_trend|below_vwap|orb_bear|bos_bear
2026-01-21 15:30:00,NAS100,SELL,25318.15,55.6,166.9,111.3,WIN,34.43,5910.19,bear_trend|below_vwap
2026-01-21 16:30:00,NAS100,SELL,25069.19,64.7,194.2,129.5,LOSS,-11.82,5851.09,bear_trend|below_vwap
2026-01-21 17:30:00,NAS100,SELL,25092.81,65.9,197.8,131.9,LOSS,-11.7,5792.58,bear_trend|below_vwap
2026-01-22 15:30:00,NAS100,BUY,25528.29,72.4,217.1,144.7,WIN,34.76,5966.35,above_vwap
2026-01-22 16:30:00,NAS100,BUY,25535.01,70.4,211.3,140.9,WIN,35.8,6145.34,above_vwap
2026-01-22 17:30:00,NAS100,BUY,25557.1,68.7,206.0,137.4,LOSS,-12.29,6083.89,above_vwap|orb_bull
2026-01-22 18:30:00,NAS100,BUY,25565.12,66.7,200.0,133.3,WIN,36.5,6266.41,above_vwap
2026-01-22 19:30:00,NAS100,BUY,25468.21,68.1,204.2,136.1,WIN,37.6,6454.4,above_vwap
2026-01-23 15:30:00,NAS100,BUY,25657.93,66.4,199.3,132.9,WIN,38.73,6648.03,above_vwap|orb_bull|bos_bull
2026-01-23 16:30:00,NAS100,BUY,25663.31,57.3,171.9,114.6,WIN,39.89,6847.47,bull_trend|above_vwap
2026-01-23 17:30:00,NAS100,BUY,25620.25,57.6,172.7,115.1,WIN,41.08,7052.9,bull_trend|above_vwap
2026-01-23 18:30:00,NAS100,BUY,25613.17,51.0,153.0,102.0,LOSS,-14.11,6982.37,bull_trend|above_vwap
2026-01-23 19:30:00,NAS100,BUY,25578.06,45.5,136.6,91.1,WIN,41.89,7191.84,bull_trend|above_vwap
2026-01-26 15:30:00,NAS100,BUY,25770.93,41.3,123.9,82.6,LOSS,-14.38,7119.92,bull_trend|above_vwap|orb_bull|bos_bull
2026-01-26 16:30:00,NAS100,BUY,25781.86,41.3,124.0,82.7,LOSS,-14.24,7048.72,bull_trend|above_vwap|orb_bull|bos_bull
2026-01-26 17:30:00,NAS100,BUY,25775.2,41.2,123.7,82.5,WIN,42.29,7260.18,bull_trend|above_vwap
2026-01-26 18:30:00,NAS100,BUY,25769.09,41.1,123.2,82.1,WIN,43.56,7477.99,bull_trend|above_vwap
2026-01-26 19:30:00,NAS100,BUY,25750.15,39.0,117.0,78.0,LOSS,-14.96,7403.21,bull_trend|above_vwap
2026-01-27 15:30:00,NAS100,BUY,25958.3,38.3,115.0,76.6,WIN,44.42,7625.31,bull_trend|above_vwap|orb_bull|bos_bull
2026-01-27 16:30:00,NAS100,BUY,25952.9,37.9,113.8,75.9,WIN,45.75,7854.06,bull_trend|above_vwap
2026-01-27 17:30:00,NAS100,BUY,25946.89,35.7,107.1,71.4,LOSS,-15.71,7775.52,bull_trend|above_vwap
2026-01-27 18:30:00,NAS100,BUY,25961.06,34.5,103.6,69.0,LOSS,-15.55,7697.77,bull_trend|above_vwap
2026-01-27 19:30:00,NAS100,BUY,25965.91,33.6,100.7,67.1,LOSS,-15.4,7620.79,bull_trend|above_vwap|orb_bull
2026-01-28 15:30:00,NAS100,BUY,26053.29,35.1,105.2,70.1,WIN,45.72,7849.41,bull_trend|above_vwap
2026-01-28 16:30:00,NAS100,BUY,25998.83,36.4,109.2,72.8,LOSS,-15.7,7770.92,bull_trend|above_vwap
2026-01-28 17:30:00,NAS100,BUY,26032.26,37.2,111.5,74.3,LOSS,-15.54,7693.21,bull_trend|above_vwap
2026-01-28 18:30:00,NAS100,BUY,25991.96,38.2,114.5,76.4,LOSS,-15.39,7616.28,bull_trend|above_vwap
2026-01-28 19:30:00,NAS100,BUY,26045.94,40.1,120.3,80.2,LOSS,-15.23,7540.12,bull_trend|above_vwap
2026-01-30 19:30:00,NAS100,SELL,25481.29,85.0,254.9,169.9,WIN,45.24,7766.32,below_vwap|orb_bear
2026-02-02 15:30:00,NAS100,BUY,25777.91,79.5,238.4,158.9,WIN,46.6,7999.31,bull_trend|above_vwap|orb_bull
2026-02-02 16:30:00,NAS100,BUY,25803.49,76.1,228.4,152.2,LOSS,-16.0,7919.32,bull_trend|above_vwap|orb_bull
2026-02-02 17:30:00,NAS100,BUY,25800.35,73.2,219.7,146.4,WIN,47.52,8156.9,bull_trend|above_vwap|orb_bull
2026-02-02 18:30:00,NAS100,BUY,25809.79,71.9,215.6,143.8,WIN,48.94,8401.6,bull_trend|above_vwap|orb_bull
2026-02-02 19:30:00,NAS100,BUY,25750.05,73.6,220.7,147.1,LOSS,-16.8,8317.59,bull_trend|above_vwap
2026-02-03 15:30:00,NAS100,SELL,25390.89,77.1,231.2,154.1,LOSS,-16.64,8234.41,bear_trend|below_vwap|orb_bear
2026-02-03 16:30:00,NAS100,SELL,25310.44,75.7,227.1,151.4,LOSS,-16.47,8152.07,bear_trend|below_vwap|orb_bear|bos_bear
2026-02-03 17:30:00,NAS100,SELL,25225.24,71.6,214.9,143.2,LOSS,-16.3,8070.55,bear_trend|below_vwap|orb_bear|bos_bear
2026-02-03 18:30:00,NAS100,SELL,25187.09,70.3,211.0,140.7,LOSS,-16.14,7989.84,bear_trend|below_vwap|orb_bear|bos_bear
2026-02-03 19:30:00,NAS100,SELL,25226.33,68.2,204.7,136.4,WIN,47.94,8229.54,bear_trend|below_vwap|orb_bear
2026-02-04 15:30:00,NAS100,SELL,25027.17,73.1,219.4,146.3,LOSS,-16.46,8147.24,bear_trend|below_vwap|orb_bear
2026-02-04 16:30:00,NAS100,SELL,24784.03,79.1,237.4,158.3,LOSS,-16.29,8065.77,bear_trend|below_vwap|orb_bear|bos_bear
2026-02-04 17:30:00,NAS100,SELL,24842.88,83.5,250.6,167.1,WIN,48.39,8307.74,bear_trend|below_vwap|orb_bear
2026-02-04 18:30:00,NAS100,SELL,24857.44,86.7,260.0,173.3,LOSS,-16.62,8224.66,bear_trend|below_vwap|orb_bear
2026-02-04 19:30:00,NAS100,SELL,24957.97,88.9,266.6,177.7,LOSS,-16.45,8142.42,bear_trend|below_vwap
2026-02-05 15:30:00,NAS100,SELL,24674.57,93.8,281.4,187.6,LOSS,-16.28,8060.99,bear_trend|below_vwap|orb_bear
2026-02-05 16:30:00,NAS100,SELL,24741.65,93.9,281.8,187.9,WIN,48.37,8302.82,bear_trend|below_vwap|orb_bear
2026-02-05 17:30:00,NAS100,SELL,24634.54,96.2,288.5,192.3,WIN,49.82,8551.91,bear_trend|below_vwap|orb_bear
2026-02-05 18:30:00,NAS100,SELL,24665.85,97.3,292.0,194.6,LOSS,-17.1,8466.39,bear_trend|below_vwap|orb_bear
2026-02-05 19:30:00,NAS100,SELL,24534.89,99.7,299.2,199.5,WIN,50.8,8720.38,bear_trend|below_vwap|orb_bear
2026-02-11 15:30:00,NAS100,SELL,25117.77,57.0,170.9,113.9,WIN,52.32,8981.99,bear_trend|below_vwap|orb_bear
2026-02-11 19:30:00,NAS100,SELL,25202.23,61.3,183.8,122.5,WIN,53.89,9251.45,below_vwap
2026-02-12 15:30:00,NAS100,SELL,24737.9,74.1,222.3,148.2,LOSS,-18.5,9158.94,bear_trend|below_vwap|orb_bear|bos_bear
2026-02-12 16:30:00,NAS100,SELL,24795.44,75.3,226.0,150.6,LOSS,-18.32,9067.35,bear_trend|below_vwap|orb_bear
2026-02-12 17:30:00,NAS100,SELL,24763.33,76.4,229.1,152.7,LOSS,-18.13,8976.67,bear_trend|below_vwap|orb_bear
2026-02-12 18:30:00,NAS100,SELL,24792.09,78.3,234.9,156.6,WIN,53.86,9245.97,bear_trend|below_vwap|orb_bear
2026-02-12 19:30:00,NAS100,SELL,24724.68,80.9,242.6,161.8,WIN,55.48,9523.35,bear_trend|below_vwap|orb_bear|bos_bear
2026-02-13 15:30:00,NAS100,SELL,24770.0,78.2,234.6,156.4,LOSS,-19.05,9428.12,bear_trend|below_vwap|orb_bear
2026-02-13 16:30:00,NAS100,SELL,24878.47,78.2,234.7,156.5,LOSS,-18.86,9333.84,bear_trend|below_vwap|orb_bear
2026-02-13 17:30:00,NAS100,SELL,24877.19,77.3,231.8,154.6,LOSS,-18.67,9240.5,bear_trend|below_vwap
2026-02-13 18:30:00,NAS100,SELL,24850.14,76.5,229.5,153.0,LOSS,-18.48,9148.1,bear_trend|below_vwap
2026-02-13 19:30:00,NAS100,SELL,24694.94,80.7,242.2,161.5,LOSS,-18.3,9056.61,bear_trend|below_vwap|orb_bear
2026-02-17 15:30:00,NAS100,SELL,24660.24,82.4,247.1,164.7,WIN,54.34,9328.31,bear_trend|below_vwap|orb_bear
2026-02-17 16:30:00,NAS100,SELL,24680.41,82.3,246.8,164.5,WIN,55.97,9608.16,bear_trend|below_vwap|orb_bear
2026-02-17 17:30:00,NAS100,SELL,24698.9,83.5,250.5,167.0,LOSS,-19.22,9512.08,bear_trend|below_vwap|orb_bear
2026-02-17 18:30:00,NAS100,SELL,24766.75,84.1,252.3,168.2,WIN,57.07,9797.44,bear_trend|below_vwap|orb_bear
2026-02-17 19:30:00,NAS100,SELL,24706.02,83.2,249.7,166.5,LOSS,-19.59,9699.47,bear_trend|below_vwap|orb_bear
2026-02-19 15:30:00,NAS100,SELL,24813.85,61.0,183.0,122.0,LOSS,-19.4,9602.47,bear_trend|above_vwap|orb_bear
2026-02-19 16:30:00,NAS100,SELL,24796.04,61.0,183.1,122.1,LOSS,-19.2,9506.45,bear_trend|below_vwap|orb_bear
2026-02-19 17:30:00,NAS100,SELL,24724.17,59.1,177.3,118.2,LOSS,-19.01,9411.38,bear_trend|below_vwap|orb_bear
2026-02-19 18:30:00,NAS100,SELL,24741.3,57.7,173.1,115.4,LOSS,-18.82,9317.27,bear_trend|below_vwap|orb_bear
2026-02-19 19:30:00,NAS100,SELL,24723.17,55.9,167.7,111.8,LOSS,-18.63,9224.1,bear_trend|below_vwap|orb_bear
2026-02-23 15:30:00,NAS100,SELL,24719.47,75.5,226.4,151.0,LOSS,-18.45,9131.86,bear_trend|below_vwap|orb_bear
2026-02-23 16:30:00,NAS100,SELL,24689.76,73.7,221.0,147.4,LOSS,-18.26,9040.54,bear_trend|below_vwap|orb_bear
2026-02-23 17:30:00,NAS100,SELL,24753.2,74.6,223.9,149.2,WIN,54.24,9311.75,bear_trend|below_vwap|orb_bear
2026-02-23 18:30:00,NAS100,SELL,24659.85,75.6,226.7,151.2,LOSS,-18.62,9218.64,bear_trend|below_vwap|orb_bear
2026-02-23 19:30:00,NAS100,SELL,24654.28,74.9,224.8,149.9,LOSS,-18.44,9126.45,bear_trend|below_vwap|orb_bear
2026-02-25 15:30:00,NAS100,BUY,25250.82,54.2,162.6,108.4,WIN,54.76,9400.24,bull_trend|above_vwap
2026-02-25 16:30:00,NAS100,BUY,25269.99,53.7,161.1,107.4,LOSS,-18.8,9306.24,bull_trend|above_vwap
2026-02-25 17:30:00,NAS100,BUY,25287.93,50.3,150.8,100.5,LOSS,-18.61,9213.18,bull_trend|above_vwap|orb_bull
2026-02-25 18:30:00,NAS100,BUY,25320.22,48.1,144.3,96.2,LOSS,-18.43,9121.05,bull_trend|above_vwap|orb_bull|bos_bull
2026-02-25 19:30:00,NAS100,BUY,25318.27,47.0,141.1,94.0,WIN,54.73,9394.68,bull_trend|above_vwap|orb_bull
2026-02-26 15:30:00,NAS100,SELL,25015.98,57.4,172.3,114.9,WIN,56.37,9676.52,below_vwap|orb_bear
2026-02-26 16:30:00,NAS100,SELL,24923.56,57.8,173.4,115.6,WIN,58.06,9966.81,below_vwap|orb_bear
2026-02-26 17:30:00,NAS100,SELL,24875.96,59.6,178.7,119.1,WIN,59.8,10265.82,below_vwap|orb_bear
2026-02-26 18:30:00,NAS100,SELL,25001.59,63.7,191.2,127.5,LOSS,-20.53,10163.16,below_vwap|orb_bear
2026-02-26 19:30:00,NAS100,SELL,24981.27,64.7,194.0,129.3,LOSS,-20.33,10061.53,below_vwap
2026-02-27 15:30:00,NAS100,SELL,24926.89,63.2,189.7,126.5,WIN,60.37,10363.38,below_vwap|orb_bear
2026-02-27 16:30:00,NAS100,SELL,24910.02,66.2,198.6,132.4,LOSS,-20.73,10259.74,below_vwap|orb_bear
2026-02-27 17:30:00,NAS100,SELL,24868.51,68.7,206.0,137.3,WIN,61.56,10567.53,below_vwap|orb_bear
2026-02-27 18:30:00,NAS100,SELL,24864.26,69.6,208.7,139.1,WIN,63.41,10884.56,below_vwap|orb_bear
2026-02-27 19:30:00,NAS100,SELL,24936.52,73.3,220.0,146.7,LOSS,-21.77,10775.71,below_vwap|orb_bear
2026-03-02 15:30:00,NAS100,SELL,24831.16,69.2,207.7,138.5,LOSS,-21.55,10667.96,bear_trend|below_vwap|orb_bear
2026-03-02 18:30:00,NAS100,BUY,25037.66,68.7,206.1,137.4,LOSS,-21.34,10561.28,bull_trend|above_vwap|orb_bull
2026-03-02 19:30:00,NAS100,SELL,24929.12,71.3,213.9,142.6,LOSS,-21.12,10455.66,below_vwap
2026-03-03 15:30:00,NAS100,SELL,24585.04,93.5,280.6,187.1,LOSS,-20.91,10351.11,bear_trend|below_vwap|orb_bear
2026-03-03 16:30:00,NAS100,SELL,24670.79,94.3,282.9,188.6,LOSS,-20.7,10247.6,bear_trend|below_vwap|orb_bear
2026-03-03 17:30:00,NAS100,SELL,24711.84,96.2,288.5,192.3,LOSS,-20.5,10145.12,bear_trend|below_vwap|orb_bear
2026-03-03 18:30:00,NAS100,SELL,24719.49,97.1,291.3,194.2,LOSS,-20.29,10043.67,bear_trend|below_vwap
2026-03-03 19:30:00,NAS100,SELL,24742.26,97.6,292.7,195.1,LOSS,-20.09,9943.23,bear_trend|below_vwap
2026-03-04 16:30:00,NAS100,BUY,25096.98,90.7,272.1,181.4,LOSS,-19.89,9843.8,above_vwap|orb_bull
2026-03-04 17:30:00,NAS100,BUY,25134.53,91.3,273.8,182.5,LOSS,-19.69,9745.36,above_vwap|orb_bull|bos_bull
2026-03-04 18:30:00,NAS100,BUY,25158.78,88.9,266.6,177.7,WIN,58.47,10037.72,bull_trend|above_vwap|orb_bull|bos_bull
2026-03-04 19:30:00,NAS100,BUY,25117.03,86.5,259.6,173.1,LOSS,-20.08,9937.35,bull_trend|above_vwap
2026-03-05 17:30:00,NAS100,SELL,24762.27,64.8,194.4,129.6,LOSS,-19.87,9837.97,below_vwap|orb_bear
2026-03-05 18:30:00,NAS100,SELL,24808.47,64.9,194.7,129.8,LOSS,-19.68,9739.59,bear_trend|below_vwap|orb_bear
2026-03-05 19:30:00,NAS100,SELL,24921.22,67.0,200.9,134.0,LOSS,-19.48,9642.2,bear_trend|above_vwap|orb_bear
2026-03-06 15:30:00,NAS100,SELL,24811.67,70.9,212.8,141.9,LOSS,-19.28,9545.78,bear_trend|below_vwap|orb_bear
2026-03-06 16:30:00,NAS100,SELL,24786.94,72.5,217.5,145.0,LOSS,-19.09,9450.32,bear_trend|below_vwap|orb_bear
2026-03-06 17:30:00,NAS100,SELL,24802.51,75.1,225.3,150.2,WIN,56.7,9733.83,bear_trend|below_vwap|orb_bear
2026-03-06 18:30:00,NAS100,SELL,24787.6,75.8,227.5,151.7,LOSS,-19.47,9636.49,bear_trend|below_vwap|orb_bear
2026-03-06 19:30:00,NAS100,SELL,24623.64,80.2,240.6,160.4,LOSS,-19.27,9540.12,bear_trend|below_vwap|orb_bear
2026-03-09 15:30:00,NAS100,SELL,24660.76,87.9,263.7,175.8,WIN,57.24,9826.33,bear_trend|below_vwap
2026-03-09 16:30:00,NAS100,SELL,24584.29,87.2,261.6,174.4,WIN,58.96,10121.12,bear_trend|below_vwap
2026-03-09 17:30:00,NAS100,SELL,24620.71,87.3,261.8,174.5,WIN,60.73,10424.75,bear_trend|below_vwap
2026-03-10 15:30:00,NAS100,BUY,25105.62,84.1,252.3,168.2,LOSS,-20.85,10320.5,above_vwap
2026-03-10 16:30:00,NAS100,BUY,25184.58,82.4,247.1,164.7,LOSS,-20.64,10217.3,bull_trend|above_vwap|orb_bull|bos_bull
2026-03-10 17:30:00,NAS100,BUY,25039.08,87.8,263.4,175.6,LOSS,-20.43,10115.13,bull_trend|above_vwap
2026-03-12 15:30:00,NAS100,SELL,24620.08,66.9,200.8,133.9,LOSS,-20.23,10013.97,bear_trend|below_vwap|orb_bear
2026-03-12 16:30:00,NAS100,SELL,24630.21,66.7,200.0,133.3,LOSS,-20.03,9913.83,bear_trend|below_vwap|orb_bear
2026-03-12 17:30:00,NAS100,SELL,24614.08,62.3,186.9,124.6,LOSS,-19.83,9814.7,bear_trend|below_vwap|orb_bear
2026-03-12 18:30:00,NAS100,SELL,24592.79,60.9,182.6,121.7,LOSS,-19.63,9716.55,bear_trend|below_vwap|orb_bear
2026-03-12 19:30:00,NAS100,SELL,24532.06,61.3,184.0,122.7,WIN,58.3,10008.05,bear_trend|below_vwap|orb_bear|bos_bear
2026-03-13 15:30:00,NAS100,SELL,24430.55,69.4,208.1,138.7,LOSS,-20.02,9907.97,bear_trend|below_vwap|orb_bear|bos_bear
2026-03-13 16:30:00,NAS100,SELL,24435.41,70.2,210.7,140.5,LOSS,-19.82,9808.89,bear_trend|below_vwap|orb_bear
2026-03-13 17:30:00,NAS100,SELL,24395.01,69.1,207.4,138.3,LOSS,-19.62,9710.8,bear_trend|below_vwap|orb_bear
2026-03-13 18:30:00,NAS100,SELL,24359.09,70.7,212.0,141.4,LOSS,-19.42,9613.69,bear_trend|below_vwap|orb_bear
2026-03-13 19:30:00,NAS100,SELL,24379.77,69.8,209.4,139.6,WIN,57.68,9902.1,bear_trend|below_vwap|orb_bear
2026-03-18 15:30:00,NAS100,SELL,24662.52,44.9,134.7,89.8,WIN,59.41,10199.16,bear_trend|above_vwap|orb_bear
2026-03-18 16:30:00,NAS100,SELL,24604.89,44.8,134.4,89.6,WIN,61.19,10505.14,bear_trend|below_vwap|orb_bear
2026-03-18 17:30:00,NAS100,SELL,24627.75,45.6,136.8,91.2,WIN,63.03,10820.29,bear_trend|below_vwap|orb_bear
2026-03-18 18:30:00,NAS100,SELL,24496.02,45.5,136.6,91.0,LOSS,-21.64,10712.09,bear_trend|below_vwap|orb_bear
2026-03-18 19:30:00,NAS100,SELL,24422.99,47.0,141.0,94.0,LOSS,-21.42,10604.97,bear_trend|below_vwap|orb_bear|bos_bear
2026-03-19 15:30:00,NAS100,SELL,24255.19,54.1,162.2,108.1,LOSS,-21.21,10498.92,bear_trend|below_vwap|orb_bear
2026-03-19 16:30:00,NAS100,SELL,24231.99,56.6,169.7,113.1,LOSS,-21.0,10393.93,bear_trend|below_vwap|orb_bear
2026-03-19 17:30:00,NAS100,SELL,24254.15,58.1,174.3,116.2,LOSS,-20.79,10289.99,bear_trend|below_vwap|orb_bear
2026-03-19 18:30:00,NAS100,SELL,24372.48,65.9,197.7,131.8,LOSS,-20.58,10187.09,bear_trend|below_vwap|orb_bear
2026-03-19 19:30:00,NAS100,SELL,24352.73,66.9,200.8,133.9,WIN,61.12,10492.7,bear_trend|below_vwap
2026-03-20 15:30:00,NAS100,SELL,24094.69,73.1,219.2,146.1,WIN,62.96,10807.48,bear_trend|below_vwap|orb_bear
2026-03-20 16:30:00,NAS100,SELL,24021.93,72.4,217.3,144.9,LOSS,-21.61,10699.41,bear_trend|below_vwap|orb_bear|bos_bear
2026-03-20 17:30:00,NAS100,SELL,23931.92,73.4,220.3,146.9,LOSS,-21.4,10592.41,bear_trend|below_vwap|orb_bear|bos_bear
2026-03-20 18:30:00,NAS100,SELL,23841.52,71.8,215.4,143.6,WIN,63.55,10910.19,bear_trend|below_vwap|orb_bear|bos_bear
2026-03-20 19:30:00,NAS100,SELL,23899.82,73.3,220.0,146.7,LOSS,-21.82,10801.09,bear_trend|below_vwap|orb_bear
2026-03-23 15:30:00,NAS100,SELL,24099.55,87.5,262.4,174.9,LOSS,-21.6,10693.07,bear_trend|below_vwap
2026-03-23 16:30:00,NAS100,SELL,24144.84,87.1,261.4,174.2,WIN,64.16,11013.87,bear_trend|below_vwap
2026-03-23 19:30:00,NAS100,SELL,24189.82,83.4,250.2,166.8,LOSS,-22.03,10903.73,bear_trend|above_vwap|orb_bear
2026-03-24 15:30:00,NAS100,SELL,24116.89,84.9,254.8,169.9,LOSS,-21.81,10794.69,bear_trend|below_vwap|orb_bear
2026-03-24 16:30:00,NAS100,SELL,23989.36,88.0,263.9,175.9,LOSS,-21.59,10686.74,bear_trend|below_vwap|orb_bear
2026-03-24 17:30:00,NAS100,SELL,24046.24,87.2,261.6,174.4,WIN,64.12,11007.35,bear_trend|below_vwap|orb_bear
2026-03-24 18:30:00,NAS100,SELL,24055.77,86.8,260.3,173.5,LOSS,-22.01,10897.27,bear_trend|below_vwap|orb_bear
2026-03-24 19:30:00,NAS100,SELL,24004.57,84.8,254.5,169.7,WIN,65.38,11224.19,bear_trend|below_vwap|orb_bear
2026-03-25 18:30:00,NAS100,SELL,24146.9,70.5,211.4,140.9,LOSS,-22.45,11111.95,bear_trend|below_vwap
2026-03-25 19:30:00,NAS100,SELL,24163.14,68.8,206.4,137.6,WIN,66.67,11445.31,bear_trend|below_vwap|orb_bear
2026-03-26 15:30:00,NAS100,SELL,23804.61,70.0,209.9,139.9,LOSS,-22.89,11330.85,bear_trend|below_vwap|orb_bear|bos_bear
2026-03-26 16:30:00,NAS100,SELL,23753.31,67.0,201.0,134.0,LOSS,-22.66,11217.55,bear_trend|below_vwap|orb_bear|bos_bear
2026-03-26 17:30:00,NAS100,SELL,23648.39,67.9,203.6,135.7,WIN,67.31,11554.07,bear_trend|below_vwap|orb_bear|bos_bear
2026-03-26 18:30:00,NAS100,SELL,23643.05,67.1,201.2,134.1,LOSS,-23.11,11438.53,bear_trend|below_vwap|orb_bear|bos_bear
2026-03-26 19:30:00,NAS100,SELL,23599.4,66.5,199.6,133.1,WIN,68.63,11781.69,bear_trend|below_vwap|orb_bear|bos_bear
2026-03-27 15:30:00,NAS100,SELL,23291.09,63.6,190.9,127.2,WIN,70.69,12135.14,bear_trend|below_vwap|orb_bear
2026-03-27 16:30:00,NAS100,SELL,23195.37,66.2,198.7,132.5,WIN,72.81,12499.19,bear_trend|below_vwap|orb_bear|bos_bear
2026-03-27 17:30:00,NAS100,SELL,23177.89,66.3,198.9,132.6,LOSS,-25.0,12374.2,bear_trend|below_vwap|orb_bear|bos_bear
2026-03-27 18:30:00,NAS100,SELL,23147.77,65.4,196.2,130.8,LOSS,-24.75,12250.46,bear_trend|below_vwap|orb_bear
2026-03-27 19:30:00,NAS100,SELL,23136.49,65.9,197.7,131.8,LOSS,-24.5,12127.95,bear_trend|below_vwap|orb_bear
2026-03-30 15:30:00,NAS100,SELL,23091.63,65.1,195.4,130.2,WIN,72.77,12491.79,bear_trend|below_vwap|orb_bear
2026-03-30 16:30:00,NAS100,SELL,23011.72,66.5,199.6,133.1,LOSS,-24.98,12366.87,bear_trend|below_vwap|orb_bear|bos_bear
2026-03-30 17:30:00,NAS100,SELL,22971.04,65.4,196.3,130.9,WIN,74.2,12737.88,bear_trend|below_vwap|orb_bear|bos_bear
2026-03-30 18:30:00,NAS100,SELL,22853.54,69.0,207.0,138.0,LOSS,-25.48,12610.5,bear_trend|below_vwap|orb_bear|bos_bear
2026-03-30 19:30:00,NAS100,SELL,22951.7,71.3,213.8,142.5,LOSS,-25.22,12484.4,bear_trend|below_vwap|orb_bear
2026-04-07 15:30:00,NAS100,SELL,24026.15,63.9,191.7,127.8,LOSS,-24.97,12359.55,bull_trend|below_vwap|orb_bear
2026-04-07 19:30:00,NAS100,BUY,24207.07,70.8,212.4,141.6,LOSS,-24.72,12235.96,bull_trend|above_vwap|orb_bull
2026-04-08 15:30:00,NAS100,BUY,24920.59,93.5,280.6,187.1,LOSS,-24.47,12113.6,bull_trend|above_vwap
2026-04-08 16:30:00,NAS100,BUY,24905.41,91.8,275.4,183.6,LOSS,-24.23,11992.46,bull_trend|above_vwap
2026-04-08 17:30:00,NAS100,BUY,24878.73,91.1,273.2,182.1,LOSS,-23.98,11872.54,bull_trend|above_vwap
2026-04-08 18:30:00,NAS100,BUY,24786.16,94.5,283.6,189.1,WIN,71.24,12228.71,bull_trend|above_vwap
2026-04-08 19:30:00,NAS100,BUY,24905.05,97.4,292.1,194.7,WIN,73.37,12595.57,bull_trend|above_vwap
2026-04-09 15:30:00,NAS100,BUY,25043.89,89.3,267.8,178.5,WIN,75.57,12973.44,bull_trend|above_vwap|orb_bull|bos_bull
2026-04-09 16:30:00,NAS100,BUY,25049.42,90.0,270.1,180.1,WIN,77.84,13362.64,bull_trend|above_vwap
2026-04-09 17:30:00,NAS100,BUY,24991.75,89.9,269.8,179.8,WIN,80.18,13763.52,bull_trend|above_vwap
2026-04-09 18:30:00,NAS100,BUY,25049.99,85.6,256.8,171.2,LOSS,-27.53,13625.89,bull_trend|above_vwap
2026-04-09 19:30:00,NAS100,BUY,25077.84,80.9,242.7,161.8,LOSS,-27.25,13489.63,bull_trend|above_vwap|orb_bull
2026-04-10 15:30:00,NAS100,BUY,25111.09,54.7,164.1,109.4,WIN,80.94,13894.32,bull_trend|above_vwap
2026-04-10 16:30:00,NAS100,BUY,25070.65,53.8,161.4,107.6,LOSS,-27.79,13755.38,bull_trend|above_vwap
2026-04-10 17:30:00,NAS100,BUY,25101.21,52.6,157.8,105.2,LOSS,-27.51,13617.82,bull_trend|above_vwap
2026-04-10 18:30:00,NAS100,BUY,25129.46,50.3,150.8,100.5,LOSS,-27.24,13481.64,bull_trend|above_vwap
2026-04-10 19:30:00,NAS100,BUY,25121.21,47.3,141.8,94.5,LOSS,-26.96,13346.83,bull_trend|above_vwap
2026-04-13 15:30:00,NAS100,BUY,25222.96,42.0,126.0,84.0,WIN,80.08,13747.23,bull_trend|above_vwap|orb_bull
2026-04-13 16:30:00,NAS100,BUY,25264.71,42.0,125.9,83.9,LOSS,-27.49,13609.76,bull_trend|above_vwap|orb_bull|bos_bull
2026-04-13 17:30:00,NAS100,BUY,25236.61,39.7,119.0,79.3,WIN,81.66,14018.05,bull_trend|above_vwap
2026-04-13 18:30:00,NAS100,BUY,25295.14,39.0,116.9,77.9,WIN,84.11,14438.59,bull_trend|above_vwap|orb_bull|bos_bull
2026-04-13 19:30:00,NAS100,BUY,25381.82,40.7,122.2,81.5,LOSS,-28.88,14294.21,bull_trend|above_vwap|orb_bull|bos_bull
2026-04-14 15:30:00,NAS100,BUY,25763.77,45.6,136.7,91.1,LOSS,-28.59,14151.27,bull_trend|above_vwap|orb_bull|bos_bull
2026-04-14 16:30:00,NAS100,BUY,25779.08,45.4,136.1,90.7,LOSS,-28.3,14009.75,bull_trend|above_vwap|orb_bull|bos_bull
2026-04-14 17:30:00,NAS100,BUY,25743.17,46.4,139.2,92.8,LOSS,-28.02,13869.66,bull_trend|above_vwap|orb_bull
2026-04-14 18:30:00,NAS100,BUY,25823.14,47.4,142.3,94.9,LOSS,-27.74,13730.96,bull_trend|above_vwap|orb_bull|bos_bull
2026-04-14 19:30:00,NAS100,BUY,25837.89,47.9,143.6,95.8,WIN,82.39,14142.89,bull_trend|above_vwap|orb_bull|bos_bull
2026-04-15 15:30:00,NAS100,BUY,26049.42,46.6,139.8,93.2,WIN,84.86,14567.17,bull_trend|above_vwap|orb_bull|bos_bull
2026-04-15 16:30:00,NAS100,BUY,26023.79,47.6,142.9,95.3,WIN,87.4,15004.19,bull_trend|above_vwap
2026-04-15 17:30:00,NAS100,BUY,26082.48,49.2,147.6,98.4,WIN,90.03,15454.32,bull_trend|above_vwap|orb_bull
2026-04-15 18:30:00,NAS100,BUY,26170.59,50.2,150.5,100.4,LOSS,-30.91,15299.77,bull_trend|above_vwap|orb_bull|bos_bull
2026-04-15 19:30:00,NAS100,BUY,26198.6,48.4,145.1,96.7,WIN,91.8,15758.77,bull_trend|above_vwap|orb_bull|bos_bull
2026-04-16 15:30:00,NAS100,BUY,26355.45,46.5,139.4,93.0,LOSS,-31.52,15601.18,bull_trend|above_vwap|orb_bull|bos_bull
2026-04-16 16:30:00,NAS100,BUY,26315.75,47.6,142.8,95.2,LOSS,-31.2,15445.17,bull_trend|above_vwap
2026-04-16 17:30:00,NAS100,BUY,26207.92,50.1,150.2,100.1,LOSS,-30.89,15290.71,bull_trend|above_vwap
2026-04-16 18:30:00,NAS100,BUY,26281.84,50.3,151.0,100.6,LOSS,-30.58,15137.81,bull_trend|above_vwap
2026-04-16 19:30:00,NAS100,BUY,26324.2,50.8,152.5,101.7,LOSS,-30.28,14986.43,bull_trend|above_vwap
2026-04-17 15:30:00,NAS100,BUY,26693.17,57.3,172.0,114.7,LOSS,-29.97,14836.57,bull_trend|above_vwap|orb_bull
2026-04-17 16:30:00,NAS100,BUY,26615.96,58.0,173.9,115.9,LOSS,-29.67,14688.2,bull_trend|above_vwap|orb_bull
2026-04-17 17:30:00,NAS100,BUY,26623.95,57.6,172.8,115.2,LOSS,-29.38,14541.32,bull_trend|above_vwap
2026-04-17 18:30:00,NAS100,BUY,26618.77,56.3,168.9,112.6,LOSS,-29.08,14395.9,bull_trend|above_vwap
2026-04-17 19:30:00,NAS100,BUY,26668.97,56.6,169.8,113.2,LOSS,-28.79,14251.95,bull_trend|above_vwap
2026-04-20 15:30:00,NAS100,BUY,26519.06,55.0,165.0,110.0,WIN,85.51,14679.5,bull_trend|above_vwap
2026-04-20 16:30:00,NAS100,BUY,26541.25,53.9,161.6,107.8,LOSS,-29.36,14532.71,bull_trend|above_vwap
2026-04-20 17:30:00,NAS100,BUY,26578.07,50.4,151.1,100.7,WIN,87.2,14968.69,bull_trend|above_vwap
2026-04-20 18:30:00,NAS100,BUY,26571.4,48.2,144.7,96.5,LOSS,-29.94,14819.0,bull_trend|above_vwap
2026-04-20 19:30:00,NAS100,BUY,26593.4,47.5,142.4,94.9,LOSS,-29.64,14670.81,bull_trend|above_vwap
2026-04-21 15:30:00,NAS100,BUY,26549.79,44.6,133.9,89.3,LOSS,-29.34,14524.1,bull_trend|above_vwap
2026-04-21 18:30:00,NAS100,BUY,26622.29,48.9,146.8,97.9,LOSS,-29.05,14378.86,bull_trend|above_vwap
2026-04-22 15:30:00,NAS100,BUY,26820.86,59.0,176.9,117.9,WIN,86.27,14810.23,bull_trend|above_vwap
2026-04-22 16:30:00,NAS100,BUY,26872.75,60.2,180.7,120.4,LOSS,-29.62,14662.13,bull_trend|above_vwap|orb_bull|bos_bull
2026-04-22 17:30:00,NAS100,BUY,26848.5,60.2,180.7,120.5,WIN,87.97,15101.99,bull_trend|above_vwap|orb_bull
2026-04-22 18:30:00,NAS100,BUY,26892.23,61.7,185.2,123.5,WIN,90.61,15555.05,bull_trend|above_vwap|orb_bull
2026-04-22 19:30:00,NAS100,BUY,26935.5,62.2,186.7,124.5,WIN,93.33,16021.7,bull_trend|above_vwap|orb_bull|bos_bull
2026-04-23 15:30:00,NAS100,BUY,26938.18,61.2,183.5,122.3,WIN,96.13,16502.35,bull_trend|above_vwap|orb_bull
2026-04-23 17:30:00,NAS100,BUY,26790.39,69.7,209.2,139.5,LOSS,-33.0,16337.33,bull_trend|above_vwap
2026-04-23 18:30:00,NAS100,BUY,26766.65,70.5,211.6,141.1,LOSS,-32.67,16173.96,bull_trend|above_vwap
2026-04-23 19:30:00,NAS100,BUY,26781.99,65.6,196.7,131.1,WIN,97.04,16659.18,bull_trend|above_vwap
2026-04-24 15:30:00,NAS100,BUY,27254.1,70.8,212.5,141.7,WIN,99.96,17158.95,bull_trend|above_vwap|orb_bull|bos_bull
2026-04-24 16:30:00,NAS100,BUY,27242.83,69.9,209.8,139.9,WIN,102.95,17673.72,bull_trend|above_vwap|orb_bull
2026-04-24 17:30:00,NAS100,BUY,27246.31,71.0,212.9,141.9,LOSS,-35.35,17496.98,bull_trend|above_vwap|orb_bull
2026-04-24 18:30:00,NAS100,BUY,27284.53,70.7,212.0,141.3,WIN,104.98,18021.89,bull_trend|above_vwap|orb_bull
2026-04-24 19:30:00,NAS100,BUY,27298.96,70.3,210.9,140.6,LOSS,-36.04,17841.67,bull_trend|above_vwap
2026-04-27 15:30:00,NAS100,BUY,27238.59,66.4,199.3,132.9,WIN,107.05,18376.92,bull_trend|above_vwap
2026-04-27 16:30:00,NAS100,BUY,27276.41,59.0,176.9,117.9,WIN,110.26,18928.23,bull_trend|above_vwap
2026-04-27 17:30:00,NAS100,BUY,27292.01,51.0,152.9,102.0,LOSS,-37.86,18738.95,bull_trend|above_vwap
2026-04-27 18:30:00,NAS100,BUY,27283.56,47.8,143.3,95.6,LOSS,-37.48,18551.56,bull_trend|above_vwap
2026-04-27 19:30:00,NAS100,BUY,27302.69,46.1,138.4,92.2,WIN,111.31,19108.11,bull_trend|above_vwap|orb_bull
2026-04-29 18:30:00,NAS100,BUY,27178.02,54.8,164.5,109.7,WIN,114.65,19681.35,bull_trend|above_vwap|orb_bull
2026-04-29 19:30:00,NAS100,BUY,27188.97,55.6,166.7,111.1,LOSS,-39.36,19484.54,bull_trend|above_vwap
2026-04-30 15:30:00,NAS100,BUY,27282.11,57.0,171.0,114.0,WIN,116.91,20069.07,bull_trend|above_vwap
2026-04-30 16:30:00,NAS100,BUY,27327.74,58.7,176.1,117.4,LOSS,-40.14,19868.38,bull_trend|above_vwap|orb_bull|bos_bull
2026-04-30 17:30:00,NAS100,BUY,27429.3,59.8,179.3,119.5,LOSS,-39.74,19669.7,bull_trend|above_vwap|orb_bull|bos_bull
2026-04-30 18:30:00,NAS100,BUY,27456.85,59.6,178.7,119.1,WIN,118.02,20259.79,bull_trend|above_vwap|orb_bull|bos_bull
2026-04-30 19:30:00,NAS100,BUY,27452.44,60.1,180.3,120.2,LOSS,-40.52,20057.19,bull_trend|above_vwap|orb_bull
2026-05-01 15:30:00,NAS100,BUY,27708.2,66.8,200.5,133.7,LOSS,-40.11,19856.62,bull_trend|above_vwap|orb_bull
2026-05-01 16:30:00,NAS100,BUY,27759.73,67.3,201.8,134.5,LOSS,-39.71,19658.05,bull_trend|above_vwap
2026-05-01 17:30:00,NAS100,BUY,27733.99,65.9,197.8,131.9,WIN,117.95,20247.79,bull_trend|above_vwap
2026-05-01 18:30:00,NAS100,BUY,27772.87,64.1,192.4,128.3,WIN,121.49,20855.23,bull_trend|above_vwap
2026-05-01 19:30:00,NAS100,BUY,27709.05,64.5,193.5,129.0,WIN,125.13,21480.88,bull_trend|above_vwap
2026-05-04 15:30:00,NAS100,BUY,27596.58,59.3,178.0,118.7,LOSS,-42.96,21266.08,bull_trend|above_vwap
2026-05-04 16:30:00,NAS100,BUY,27676.65,59.3,177.9,118.6,LOSS,-42.53,21053.41,bull_trend|above_vwap
2026-05-04 17:30:00,NAS100,BUY,27653.97,57.8,173.3,115.5,WIN,126.32,21685.02,bull_trend|above_vwap
2026-05-04 18:30:00,NAS100,BUY,27659.78,57.9,173.7,115.8,WIN,130.11,22335.57,bull_trend|above_vwap
2026-05-04 19:30:00,NAS100,BUY,27654.95,57.9,173.6,115.7,LOSS,-44.67,22112.21,bull_trend|above_vwap
2026-05-05 15:30:00,NAS100,BUY,27994.99,56.1,168.3,112.2,WIN,132.67,22775.58,bull_trend|above_vwap|orb_bull
2026-05-05 16:30:00,NAS100,BUY,28025.46,55.3,165.9,110.6,LOSS,-45.55,22547.82,bull_trend|above_vwap
2026-05-05 17:30:00,NAS100,BUY,28056.8,55.2,165.7,110.4,LOSS,-45.1,22322.34,bull_trend|above_vwap|orb_bull|bos_bull
2026-05-05 18:30:00,NAS100,BUY,28045.83,52.8,158.4,105.6,WIN,133.93,22992.01,bull_trend|above_vwap
2026-05-05 19:30:00,NAS100,BUY,28014.86,52.4,157.3,104.8,WIN,137.95,23681.77,bull_trend|above_vwap
2026-05-06 15:30:00,NAS100,BUY,28456.51,56.8,170.5,113.7,WIN,142.09,24392.23,bull_trend|above_vwap|orb_bull
2026-05-06 16:30:00,NAS100,BUY,28464.45,55.6,166.7,111.1,LOSS,-48.78,24148.31,bull_trend|above_vwap
2026-05-06 17:30:00,NAS100,BUY,28514.33,54.7,164.2,109.4,WIN,144.89,24872.75,bull_trend|above_vwap|orb_bull|bos_bull
2026-05-06 18:30:00,NAS100,BUY,28572.09,54.9,164.7,109.8,WIN,149.24,25618.94,bull_trend|above_vwap|orb_bull|bos_bull
2026-05-06 19:30:00,NAS100,BUY,28596.35,55.4,166.1,110.7,WIN,153.71,26387.51,bull_trend|above_vwap|orb_bull|bos_bull
2026-05-07 15:30:00,NAS100,BUY,28622.62,58.3,174.9,116.6,WIN,158.33,27179.13,bull_trend|above_vwap
2026-05-07 16:30:00,NAS100,BUY,28488.29,64.0,192.1,128.1,LOSS,-54.36,26907.34,bull_trend|above_vwap
2026-05-07 17:30:00,NAS100,BUY,28534.38,66.6,199.9,133.3,WIN,161.44,27714.56,bull_trend|above_vwap
2026-05-07 18:30:00,NAS100,BUY,28489.51,69.1,207.2,138.2,LOSS,-55.43,27437.41,bull_trend|above_vwap
2026-05-07 19:30:00,NAS100,BUY,28558.4,70.5,211.6,141.0,LOSS,-54.87,27163.04,bull_trend|above_vwap
2026-05-08 15:30:00,NAS100,BUY,29128.04,73.3,220.0,146.7,LOSS,-54.33,26891.41,bull_trend|above_vwap|orb_bull|bos_bull
2026-05-08 16:30:00,NAS100,BUY,29195.5,75.2,225.5,150.3,WIN,161.35,27698.15,bull_trend|above_vwap|orb_bull|bos_bull
2026-05-08 17:30:00,NAS100,BUY,29174.05,75.5,226.6,151.1,LOSS,-55.4,27421.17,bull_trend|above_vwap|orb_bull
2026-05-08 18:30:00,NAS100,BUY,29146.5,75.5,226.4,150.9,LOSS,-54.84,27146.96,bull_trend|above_vwap
2026-05-08 19:30:00,NAS100,BUY,29227.8,76.4,229.1,152.7,WIN,162.88,27961.37,bull_trend|above_vwap|orb_bull|bos_bull
2026-05-11 15:30:00,NAS100,BUY,29357.2,70.8,212.5,141.7,LOSS,-55.92,27681.75,bull_trend|above_vwap|orb_bull|bos_bull
2026-05-11 16:30:00,NAS100,BUY,29330.33,66.7,200.1,133.4,LOSS,-55.36,27404.94,bull_trend|above_vwap
2026-05-11 17:30:00,NAS100,BUY,29363.84,63.8,191.5,127.7,WIN,164.43,28227.08,bull_trend|above_vwap
2026-05-11 18:30:00,NAS100,BUY,29266.87,63.9,191.7,127.8,LOSS,-56.45,27944.81,bull_trend|above_vwap
2026-05-11 19:30:00,NAS100,BUY,29318.77,62.5,187.6,125.1,LOSS,-55.89,27665.37,bull_trend|above_vwap
2026-05-13 15:30:00,NAS100,BUY,29332.09,74.9,224.8,149.9,LOSS,-55.33,27388.71,bull_trend|above_vwap|orb_bull
2026-05-13 16:30:00,NAS100,BUY,29378.87,74.1,222.3,148.2,LOSS,-54.78,27114.82,bull_trend|above_vwap|orb_bull|bos_bull
2026-05-13 17:30:00,NAS100,BUY,29438.85,76.8,230.5,153.7,WIN,162.69,27928.27,bull_trend|above_vwap|orb_bull|bos_bull
2026-05-13 18:30:00,NAS100,BUY,29413.35,76.1,228.4,152.3,LOSS,-55.86,27648.99,bull_trend|above_vwap
2026-05-13 19:30:00,NAS100,BUY,29368.0,77.1,231.4,154.3,WIN,165.89,28478.46,bull_trend|above_vwap
2026-05-14 15:30:00,NAS100,BUY,29623.29,66.7,200.2,133.4,LOSS,-56.96,28193.67,bull_trend|above_vwap|orb_bull
2026-05-14 16:30:00,NAS100,BUY,29540.41,65.1,195.3,130.2,LOSS,-56.39,27911.73,bull_trend|above_vwap
2026-05-14 17:30:00,NAS100,BUY,29571.86,64.6,193.7,129.1,WIN,167.47,28749.09,bull_trend|above_vwap
2026-05-14 18:30:00,NAS100,BUY,29592.1,63.2,189.5,126.4,LOSS,-57.5,28461.6,bull_trend|above_vwap
2026-05-14 19:30:00,NAS100,BUY,29580.58,60.0,180.0,120.0,WIN,170.77,29315.44,bull_trend|above_vwap
2026-05-19 16:30:00,NAS100,BUY,28991.39,99.2,297.5,198.3,WIN,175.89,30194.91,bull_trend|below_vwap|orb_bull
2026-05-20 15:30:00,NAS100,BUY,29145.42,101.7,305.0,203.3,WIN,181.17,31100.75,bull_trend|above_vwap
2026-05-20 16:30:00,NAS100,BUY,29203.91,97.4,292.1,194.7,WIN,186.6,32033.78,bull_trend|above_vwap
2026-05-20 17:30:00,NAS100,BUY,29213.61,92.4,277.2,184.8,WIN,192.2,32994.79,bull_trend|above_vwap
2026-05-20 18:30:00,NAS100,BUY,29250.23,85.7,257.1,171.4,WIN,197.97,33984.63,bull_trend|above_vwap
2026-05-20 19:30:00,NAS100,BUY,29297.85,80.9,242.6,161.7,LOSS,-67.97,33644.79,bull_trend|above_vwap|orb_bull|bos_bull
2026-05-21 15:30:00,NAS100,BUY,29160.92,71.4,214.1,142.8,LOSS,-67.29,33308.34,bull_trend|above_vwap
2026-05-21 16:30:00,NAS100,BUY,29324.54,72.4,217.3,144.9,LOSS,-66.62,32975.26,bull_trend|above_vwap|orb_bull|bos_bull
2026-05-21 17:30:00,NAS100,BUY,29371.49,73.5,220.5,147.0,WIN,197.85,33964.51,bull_trend|above_vwap|orb_bull
2026-05-21 18:30:00,NAS100,BUY,29337.39,74.7,224.0,149.3,LOSS,-67.93,33624.87,bull_trend|above_vwap
2026-05-21 19:30:00,NAS100,BUY,29360.04,71.6,214.8,143.2,LOSS,-67.25,33288.62,bull_trend|above_vwap
2026-05-22 15:30:00,NAS100,BUY,29590.16,65.5,196.6,131.1,WIN,199.73,34287.28,bull_trend|above_vwap|orb_bull
2026-05-22 16:30:00,NAS100,BUY,29654.3,66.1,198.4,132.3,WIN,205.72,35315.9,bull_trend|above_vwap|orb_bull|bos_bull
