date,equity
2025-07-09,500.0
2025-07-09,495.0
2025-07-09,490.05
2025-07-09,485.15
2025-07-09,480.3
2025-07-09,494.71
2025-07-10,494.71
2025-07-10,494.71
2025-07-10,489.76
2025-07-10,484.86
2025-07-10,480.01
2025-07-10,494.41
2025-07-10,489.47
2025-07-11,489.47
2025-07-11,489.47
2025-07-11,504.15
2025-07-11,499.11
2025-07-11,494.12
2025-07-11,494.12
2025-07-11,494.12
2025-07-14,494.12
2025-07-14,494.12
2025-07-14,489.18
2025-07-14,484.29
2025-07-14,498.82
2025-07-14,493.83
2025-07-14,508.64
2025-07-15,508.64
2025-07-15,508.64
2025-07-15,503.56
2025-07-15,498.52
2025-07-15,493.54
2025-07-15,508.34
2025-07-15,503.26
2025-07-16,503.26
2025-07-16,503.26
2025-07-16,503.26
2025-07-16,498.23
2025-07-16,493.24
2025-07-16,508.04
2025-07-16,502.96
2025-07-17,502.96
2025-07-17,502.96
2025-07-17,518.05
2025-07-17,533.59
2025-07-17,528.26
2025-07-17,522.97
2025-07-17,517.74
2025-07-18,517.74
2025-07-18,517.74
2025-07-18,533.28
2025-07-18,549.27
2025-07-18,543.78
2025-07-18,560.09
2025-07-18,576.9
2025-07-21,576.9
2025-07-21,576.9
2025-07-21,571.13
2025-07-21,588.26
2025-07-21,582.38
2025-07-21,576.56
2025-07-21,570.79
2025-07-22,570.79
2025-07-22,570.79
2025-07-22,570.79
2025-07-22,570.79
2025-07-22,570.79
2025-07-22,570.79
2025-07-22,570.79
2025-07-23,570.79
2025-07-23,570.79
2025-07-23,570.79
2025-07-23,565.08
2025-07-23,582.03
2025-07-23,576.21
2025-07-23,570.45
2025-07-24,570.45
2025-07-24,570.45
2025-07-24,564.75
2025-07-24,581.69
2025-07-24,575.87
2025-07-24,593.15
2025-07-24,610.94
2025-07-25,610.94
2025-07-25,610.94
2025-07-25,629.27
2025-07-25,622.98
2025-07-25,616.75
2025-07-25,610.58
2025-07-25,604.48
2025-07-28,604.48
2025-07-28,604.48
2025-07-28,598.43
2025-07-28,592.45
2025-07-28,610.22
2025-07-28,628.53
2025-07-28,622.24
2025-07-29,622.24
2025-07-29,622.24
2025-07-29,616.02
2025-07-29,609.86
2025-07-29,603.76
2025-07-29,597.72
2025-07-29,597.72
2025-07-30,597.72
2025-07-30,597.72
2025-07-30,591.75
2025-07-30,585.83
2025-07-30,603.4
2025-07-30,603.4
2025-07-30,621.51
2025-07-31,621.51
2025-07-31,621.51
2025-07-31,615.29
2025-07-31,615.29
2025-07-31,615.29
2025-07-31,615.29
2025-07-31,615.29
2025-08-01,615.29
2025-08-01,615.29
2025-08-01,633.75
2025-08-01,627.41
2025-08-01,621.14
2025-08-01,639.77
2025-08-01,658.97
2025-08-04,658.97
2025-08-04,658.97
2025-08-04,678.73
2025-08-04,699.1
2025-08-04,692.11
2025-08-04,685.18
2025-08-04,678.33
2025-08-05,678.33
2025-08-05,678.33
2025-08-05,678.33
2025-08-05,678.33
2025-08-05,678.33
2025-08-05,678.33
2025-08-05,678.33
2025-08-06,678.33
2025-08-06,678.33
2025-08-06,671.55
2025-08-06,664.83
2025-08-06,658.19
2025-08-06,677.93
2025-08-06,698.27
2025-08-07,698.27
2025-08-07,698.27
2025-08-07,719.22
2025-08-07,712.02
2025-08-07,712.02
2025-08-07,704.9
2025-08-07,726.05
2025-08-08,726.05
2025-08-08,726.05
2025-08-08,718.79
2025-08-08,740.35
2025-08-08,732.95
2025-08-08,725.62
2025-08-08,718.37
2025-08-11,718.37
2025-08-11,718.37
2025-08-11,739.92
2025-08-11,732.52
2025-08-11,754.49
2025-08-11,777.13
2025-08-11,800.44
2025-08-12,800.44
2025-08-12,800.44
2025-08-12,792.44
2025-08-12,784.51
2025-08-12,776.67
2025-08-12,799.97
2025-08-12,791.97
2025-08-13,791.97
2025-08-13,791.97
2025-08-13,784.05
2025-08-13,776.21
2025-08-13,768.45
2025-08-13,791.5
2025-08-13,815.24
2025-08-14,815.24
2025-08-14,815.24
2025-08-14,807.09
2025-08-14,799.02
2025-08-14,822.99
2025-08-14,847.68
2025-08-14,839.2
2025-08-15,839.2
2025-08-15,839.2
2025-08-15,839.2
2025-08-15,839.2
2025-08-15,839.2
2025-08-15,839.2
2025-08-15,839.2
2025-08-18,839.2
2025-08-18,839.2
2025-08-18,839.2
2025-08-18,839.2
2025-08-18,839.2
2025-08-18,839.2
2025-08-18,864.38
2025-08-19,864.38
2025-08-19,864.38
2025-08-19,864.38
2025-08-19,864.38
2025-08-19,855.74
2025-08-19,847.18
2025-08-19,838.71
2025-08-20,838.71
2025-08-20,838.71
2025-08-20,830.32
2025-08-20,822.02
2025-08-20,813.8
2025-08-20,805.66
2025-08-20,805.66
2025-08-21,805.66
2025-08-21,805.66
2025-08-21,829.83
2025-08-21,821.53
2025-08-21,846.18
2025-08-21,837.71
2025-08-21,862.85
2025-08-22,862.85
2025-08-22,862.85
2025-08-22,888.73
2025-08-22,915.39
2025-08-22,906.24
2025-08-22,933.43
2025-08-22,924.09
2025-08-25,924.09
2025-08-25,924.09
2025-08-25,914.85
2025-08-25,942.3
2025-08-25,932.87
2025-08-25,960.86
2025-08-25,960.86
2025-08-26,960.86
2025-08-26,960.86
2025-08-26,951.25
2025-08-26,941.74
2025-08-26,941.74
2025-08-26,932.32
2025-08-26,960.29
2025-08-27,960.29
2025-08-27,960.29
2025-08-27,950.69
2025-08-27,941.18
2025-08-27,931.77
2025-08-27,922.45
2025-08-27,913.23
2025-08-28,913.23
2025-08-28,913.23
2025-08-28,940.62
2025-08-28,968.84
2025-08-28,959.15
2025-08-28,949.56
2025-08-28,978.05
2025-08-29,978.05
2025-08-29,978.05
2025-08-29,978.05
2025-08-29,978.05
2025-08-29,978.05
2025-08-29,978.05
2025-08-29,978.05
2025-09-02,978.05
2025-09-02,978.05
2025-09-02,968.27
2025-09-02,958.59
2025-09-02,987.34
2025-09-02,977.47
2025-09-02,1006.79
2025-09-03,1006.79
2025-09-03,1006.79
2025-09-03,996.73
2025-09-03,1026.63
2025-09-03,1016.36
2025-09-03,1016.36
2025-09-03,1006.2
2025-09-04,1006.2
2025-09-04,1006.2
2025-09-04,996.14
2025-09-04,1026.02
2025-09-04,1015.76
2025-09-04,1046.23
2025-09-04,1077.62
2025-09-05,1077.62
2025-09-05,1077.62
2025-09-05,1066.84
2025-09-05,1098.85
2025-09-05,1087.86
2025-09-05,1076.98
2025-09-05,1109.29
2025-09-08,1109.29
2025-09-08,1109.29
2025-09-08,1098.2
2025-09-08,1131.14
2025-09-08,1119.83
2025-09-08,1153.43
2025-09-08,1141.89
2025-09-09,1141.89
2025-09-09,1141.89
2025-09-09,1176.15
2025-09-09,1211.44
2025-09-09,1199.32
2025-09-09,1187.33
2025-09-09,1175.45
2025-09-10,1175.45
2025-09-10,1175.45
2025-09-10,1163.7
2025-09-10,1152.06
2025-09-10,1152.06
2025-09-10,1152.06
2025-09-10,1140.54
2025-09-11,1140.54
2025-09-11,1140.54
2025-09-11,1129.14
2025-09-11,1163.01
2025-09-11,1151.38
2025-09-11,1139.87
2025-09-11,1174.06
2025-09-12,1174.06
2025-09-12,1174.06
2025-09-12,1209.29
2025-09-12,1197.19
2025-09-12,1233.11
2025-09-12,1220.78
2025-09-12,1257.4
2025-09-15,1257.4
2025-09-15,1257.4
2025-09-15,1295.12
2025-09-15,1282.17
2025-09-15,1320.64
2025-09-15,1360.26
2025-09-15,1346.65
2025-09-16,1346.65
2025-09-16,1346.65
2025-09-16,1333.19
2025-09-16,1373.18
2025-09-16,1414.38
2025-09-16,1400.23
2025-09-16,1386.23
2025-09-17,1386.23
2025-09-17,1386.23
2025-09-17,1386.23
2025-09-17,1386.23
2025-09-17,1386.23
2025-09-17,1372.37
2025-09-17,1372.37
2025-09-18,1372.37
2025-09-18,1372.37
2025-09-18,1413.54
2025-09-18,1455.95
2025-09-18,1499.62
2025-09-18,1544.61
2025-09-18,1529.17
2025-09-19,1529.17
2025-09-19,1529.17
2025-09-19,1575.04
2025-09-19,1559.29
2025-09-19,1543.7
2025-09-19,1528.26
2025-09-19,1574.11
2025-09-22,1574.11
2025-09-22,1574.11
2025-09-22,1558.37
2025-09-22,1542.78
2025-09-22,1527.36
2025-09-22,1573.18
2025-09-22,1620.37
2025-09-23,1620.37
2025-09-23,1620.37
2025-09-23,1604.17
2025-09-23,1604.17
2025-09-23,1604.17
2025-09-23,1604.17
2025-09-23,1604.17
2025-09-24,1604.17
2025-09-24,1604.17
2025-09-24,1604.17
2025-09-24,1604.17
2025-09-24,1604.17
2025-09-24,1604.17
2025-09-24,1604.17
2025-09-25,1604.17
2025-09-25,1604.17
2025-09-25,1604.17
2025-09-25,1604.17
2025-09-25,1604.17
2025-09-25,1604.17
2025-09-25,1604.17
2025-09-26,1604.17
2025-09-26,1604.17
2025-09-26,1588.13
2025-09-26,1635.77
2025-09-26,1619.41
2025-09-26,1603.22
2025-09-26,1587.19
2025-09-29,1587.19
2025-09-29,1587.19
2025-09-29,1634.8
2025-09-29,1618.45
2025-09-29,1667.01
2025-09-29,1650.34
2025-09-29,1633.84
2025-09-30,1633.84
2025-09-30,1633.84
2025-09-30,1682.85
2025-09-30,1733.34
2025-09-30,1716.0
2025-09-30,1698.84
2025-09-30,1681.85
2025-10-01,1681.85
2025-10-01,1681.85
2025-10-01,1665.04
2025-10-01,1648.38
2025-10-01,1631.9
2025-10-01,1615.58
2025-10-01,1664.05
2025-10-02,1664.05
2025-10-02,1664.05
2025-10-02,1713.97
2025-10-02,1696.83
2025-10-02,1679.86
2025-10-02,1730.26
2025-10-02,1712.96
2025-10-03,1712.96
2025-10-03,1712.96
2025-10-03,1695.83
2025-10-03,1678.87
2025-10-03,1662.08
2025-10-03,1662.08
2025-10-03,1662.08
2025-10-06,1662.08
2025-10-06,1662.08
2025-10-06,1645.46
2025-10-06,1694.82
2025-10-06,1677.87
2025-10-06,1661.1
2025-10-06,1644.48
2025-10-07,1644.48
2025-10-07,1644.48
2025-10-07,1644.48
2025-10-07,1644.48
2025-10-07,1644.48
2025-10-07,1644.48
2025-10-07,1644.48
2025-10-08,1644.48
2025-10-08,1644.48
2025-10-08,1628.04
2025-10-08,1676.88
2025-10-08,1727.19
2025-10-08,1709.92
2025-10-08,1692.82
2025-10-09,1692.82
2025-10-09,1692.82
2025-10-09,1743.6
2025-10-09,1743.6
2025-10-09,1795.91
2025-10-09,1777.95
2025-10-09,1831.29
2025-10-10,1831.29
2025-10-10,1831.29
2025-10-10,1831.29
2025-10-10,1831.29
2025-10-10,1831.29
2025-10-10,1812.98
2025-10-10,1867.36
2025-10-13,1867.36
2025-10-13,1867.36
2025-10-13,1867.36
2025-10-13,1867.36
2025-10-13,1867.36
2025-10-13,1867.36
2025-10-13,1923.39
2025-10-14,1923.39
2025-10-14,1923.39
2025-10-14,1923.39
2025-10-14,1904.15
2025-10-14,1961.28
2025-10-14,2020.11
2025-10-14,2080.72
2025-10-15,2080.72
2025-10-15,2080.72
2025-10-15,2143.14
2025-10-15,2207.43
2025-10-15,2207.43
2025-10-15,2273.66
2025-10-15,2341.87
2025-10-16,2341.87
2025-10-16,2341.87
2025-10-16,2412.12
2025-10-16,2388.0
2025-10-16,2364.12
2025-10-16,2340.48
2025-10-16,2410.69
2025-10-17,2410.69
2025-10-17,2410.69
2025-10-17,2386.59
2025-10-17,2386.59
2025-10-17,2362.72
2025-10-17,2339.09
2025-10-17,2409.27
2025-10-20,2409.27
2025-10-20,2409.27
2025-10-20,2481.55
2025-10-20,2555.99
2025-10-20,2632.67
2025-10-20,2606.34
2025-10-20,2580.28
2025-10-21,2580.28
2025-10-21,2580.28
2025-10-21,2657.69
2025-10-21,2737.42
2025-10-21,2710.05
2025-10-21,2791.35
2025-10-21,2763.43
2025-10-22,2763.43
2025-10-22,2763.43
2025-10-22,2763.43
2025-10-22,2763.43
2025-10-22,2763.43
2025-10-22,2763.43
2025-10-22,2763.43
2025-10-23,2763.43
2025-10-23,2763.43
2025-10-23,2846.34
2025-10-23,2817.87
2025-10-23,2902.41
2025-10-23,2873.39
2025-10-23,2844.65
2025-10-24,2844.65
2025-10-24,2844.65
2025-10-24,2816.21
2025-10-24,2788.04
2025-10-24,2760.16
2025-10-24,2732.56
2025-10-24,2705.24
2025-10-27,2705.24
2025-10-27,2705.24
2025-10-27,2786.39
2025-10-27,2758.53
2025-10-27,2730.94
2025-10-27,2703.63
2025-10-27,2676.6
2025-10-28,2676.6
2025-10-28,2676.6
2025-10-28,2649.83
2025-10-28,2623.33
2025-10-28,2702.03
2025-10-28,2783.09
2025-10-28,2755.26
2025-10-29,2755.26
2025-10-29,2755.26
2025-10-29,2727.71
2025-10-29,2809.54
2025-10-29,2893.83
2025-10-29,2980.64
2025-10-29,3070.06
2025-10-30,3070.06
2025-10-30,3070.06
2025-10-30,3070.06
2025-10-30,3070.06
2025-10-30,3070.06
2025-10-30,3070.06
2025-10-30,3070.06
2025-10-31,3070.06
2025-10-31,3070.06
2025-10-31,3070.06
2025-10-31,3070.06
2025-10-31,3070.06
2025-10-31,3070.06
2025-10-31,3070.06
2025-11-03,3070.06
2025-11-03,3070.06
2025-11-03,3162.16
2025-11-03,3130.54
2025-11-03,3224.46
2025-11-03,3192.21
2025-11-03,3192.21
2025-11-04,3192.21
2025-11-04,3192.21
2025-11-04,3192.21
2025-11-04,3192.21
2025-11-04,3192.21
2025-11-04,3192.21
2025-11-04,3192.21
2025-11-05,3192.21
2025-11-05,3192.21
2025-11-05,3192.21
2025-11-05,3192.21
2025-11-05,3192.21
2025-11-05,3192.21
2025-11-05,3192.21
2025-11-06,3192.21
2025-11-06,3160.29
2025-11-06,3128.69
2025-11-06,3222.55
2025-11-06,3190.33
2025-11-06,3190.33
2025-11-06,3190.33
2025-11-07,3190.33
2025-11-07,3158.42
2025-11-07,3126.84
2025-11-07,3095.57
2025-11-07,3064.61
2025-11-07,3033.97
2025-11-07,3033.97
2025-11-10,3033.97
2025-11-10,3124.99
2025-11-10,3093.74
2025-11-10,3186.55
2025-11-10,3154.68
2025-11-10,3123.14
2025-11-10,3123.14
2025-11-11,3123.14
2025-11-11,3216.83
2025-11-11,3184.66
2025-11-11,3280.2
2025-11-11,3247.4
2025-11-11,3344.82
2025-11-11,3344.82
2025-11-12,3344.82
2025-11-12,3311.37
2025-11-12,3410.71
2025-11-12,3376.61
2025-11-12,3342.84
2025-11-12,3309.41
2025-11-12,3309.41
2025-11-13,3309.41
2025-11-13,3276.32
2025-11-13,3243.56
2025-11-13,3211.12
2025-11-13,3307.45
2025-11-13,3274.38
2025-11-13,3274.38
2025-11-14,3274.38
2025-11-14,3372.61
2025-11-14,3338.88
2025-11-14,3439.05
2025-11-14,3404.66
2025-11-14,3370.61
2025-11-14,3370.61
2025-11-17,3370.61
2025-11-17,3336.91
2025-11-17,3303.54
2025-11-17,3270.5
2025-11-17,3237.8
2025-11-17,3205.42
2025-11-17,3205.42
2025-11-18,3205.42
2025-11-18,3173.37
2025-11-18,3141.63
2025-11-18,3235.88
2025-11-18,3332.96
2025-11-18,3432.95
2025-11-18,3432.95
2025-11-19,3432.95
2025-11-19,3398.62
2025-11-19,3364.63
2025-11-19,3330.98
2025-11-19,3297.68
2025-11-19,3396.61
2025-11-19,3396.61
2025-11-20,3396.61
2025-11-20,3396.61
2025-11-20,3362.64
2025-11-20,3329.01
2025-11-20,3428.88
2025-11-20,3531.75
2025-11-20,3531.75
2025-11-21,3531.75
2025-11-21,3637.7
2025-11-21,3746.83
2025-11-21,3859.24
2025-11-21,3859.24
2025-11-21,3820.65
2025-11-21,3820.65
2025-11-24,3820.65
2025-11-24,3820.65
2025-11-24,3820.65
2025-11-24,3820.65
2025-11-24,3820.65
2025-11-24,3820.65
2025-11-24,3820.65
2025-11-25,3820.65
2025-11-25,3820.65
2025-11-25,3820.65
2025-11-25,3820.65
2025-11-25,3820.65
2025-11-25,3820.65
2025-11-25,3820.65
2025-11-26,3820.65
2025-11-26,3782.44
2025-11-26,3744.62
2025-11-26,3707.17
2025-11-26,3670.1
2025-11-26,3633.4
2025-11-26,3633.4
2025-11-28,3633.4
2025-11-28,3597.06
2025-11-28,3561.09
2025-12-01,3561.09
2025-12-01,3667.92
2025-12-01,3631.25
2025-12-01,3594.93
2025-12-01,3558.98
2025-12-01,3665.75
2025-12-01,3665.75
2025-12-02,3665.75
2025-12-02,3629.1
2025-12-02,3592.8
2025-12-02,3700.59
2025-12-02,3663.58
2025-12-02,3626.95
2025-12-02,3626.95
2025-12-03,3626.95
2025-12-03,3735.76
2025-12-03,3698.4
2025-12-03,3661.41
2025-12-03,3771.26
2025-12-03,3733.54
2025-12-03,3733.54
2025-12-04,3733.54
2025-12-04,3696.21
2025-12-04,3807.09
2025-12-04,3769.02
2025-12-04,3769.02
2025-12-04,3769.02
2025-12-04,3769.02
2025-12-05,3769.02
2025-12-05,3731.33
2025-12-05,3843.27
2025-12-05,3804.84
2025-12-05,3766.79
2025-12-05,3879.8
2025-12-05,3879.8
2025-12-08,3879.8
2025-12-08,3841.0
2025-12-08,3841.0
2025-12-08,3841.0
2025-12-08,3841.0
2025-12-08,3841.0
2025-12-08,3841.0
2025-12-09,3841.0
2025-12-09,3956.23
2025-12-09,3916.67
2025-12-09,3877.5
2025-12-09,3838.72
2025-12-09,3953.89
2025-12-09,3953.89
2025-12-10,3953.89
2025-12-10,3953.89
2025-12-10,3953.89
2025-12-10,3953.89
2025-12-10,3914.35
2025-12-10,4031.78
2025-12-10,4031.78
2025-12-11,4031.78
2025-12-11,4031.78
2025-12-11,4031.78
2025-12-11,4031.78
2025-12-11,4152.73
2025-12-11,4277.31
2025-12-11,4277.31
2025-12-12,4277.31
2025-12-12,4234.54
2025-12-12,4361.58
2025-12-12,4317.96
2025-12-12,4274.78
2025-12-12,4403.02
2025-12-12,4403.02
2025-12-15,4403.02
2025-12-15,4535.11
2025-12-15,4671.17
2025-12-15,4624.46
2025-12-15,4578.21
2025-12-15,4715.56
2025-12-15,4715.56
2025-12-16,4715.56
2025-12-16,4668.4
2025-12-16,4808.45
2025-12-16,4760.37
2025-12-16,4712.77
2025-12-16,4665.64
2025-12-16,4665.64
2025-12-17,4665.64
2025-12-17,4618.98
2025-12-17,4572.79
2025-12-17,4709.98
2025-12-17,4851.28
2025-12-17,4996.81
2025-12-17,4996.81
2025-12-18,4996.81
2025-12-18,4996.81
2025-12-18,4996.81
2025-12-18,4996.81
2025-12-18,4996.81
2025-12-18,4996.81
2025-12-18,4996.81
2025-12-19,4996.81
2025-12-19,4946.85
2025-12-19,4897.38
2025-12-19,4848.4
2025-12-19,4799.92
2025-12-19,4943.92
2025-12-19,4943.92
2025-12-22,4943.92
2025-12-22,4894.48
2025-12-22,5041.31
2025-12-22,5192.55
2025-12-22,5140.63
2025-12-22,5089.22
2025-12-22,5089.22
2025-12-23,5089.22
2025-12-23,5038.33
2025-12-23,5189.48
2025-12-23,5137.58
2025-12-23,5291.71
2025-12-23,5238.79
2025-12-23,5238.79
2025-12-24,5238.79
2025-12-24,5186.4
2025-12-24,5342.0
2025-12-26,5342.0
2025-12-26,5502.26
2025-12-26,5667.32
2025-12-26,5610.65
2025-12-26,5554.54
2025-12-26,5499.0
2025-12-26,5499.0
2025-12-29,5499.0
2025-12-29,5499.0
2025-12-29,5499.0
2025-12-29,5499.0
2025-12-29,5499.0
2025-12-29,5499.0
2025-12-29,5499.0
2025-12-30,5499.0
2025-12-30,5444.01
2025-12-30,5444.01
2025-12-30,5444.01
2025-12-30,5444.01
2025-12-30,5444.01
2025-12-30,5444.01
2025-12-31,5444.01
2025-12-31,5444.01
2025-12-31,5444.01
2025-12-31,5444.01
2025-12-31,5444.01
2025-12-31,5389.57
2025-12-31,5389.57
2026-01-02,5389.57
2026-01-02,5551.26
2026-01-02,5495.74
2026-01-02,5660.62
2026-01-02,5604.01
2026-01-02,5547.97
2026-01-02,5547.97
2026-01-05,5547.97
2026-01-05,5492.49
2026-01-05,5437.57
2026-01-05,5600.69
2026-01-05,5544.69
2026-01-05,5489.24
2026-01-05,5489.24
2026-01-06,5489.24
2026-01-06,5489.24
2026-01-06,5434.35
2026-01-06,5597.38
2026-01-06,5765.3
2026-01-06,5765.3
2026-01-06,5765.3
2026-01-07,5765.3
2026-01-07,5938.26
2026-01-07,6116.4
2026-01-07,6055.24
2026-01-07,5994.69
2026-01-07,5934.74
2026-01-07,5934.74
2026-01-08,5934.74
2026-01-08,5934.74
2026-01-08,5934.74
2026-01-08,5934.74
2026-01-08,5934.74
2026-01-08,5934.74
2026-01-08,5934.74
2026-01-09,5934.74
2026-01-09,5875.39
2026-01-09,5816.64
2026-01-09,5991.14
2026-01-09,5931.23
2026-01-09,6109.16
2026-01-09,6109.16
2026-01-12,6109.16
2026-01-12,6292.44
2026-01-12,6229.51
2026-01-12,6167.22
2026-01-12,6352.24
2026-01-12,6288.71
2026-01-12,6288.71
2026-01-13,6288.71
2026-01-13,6225.83
2026-01-13,6163.57
2026-01-13,6163.57
2026-01-13,6163.57
2026-01-13,6163.57
2026-01-13,6163.57
2026-01-14,6163.57
2026-01-14,6101.93
2026-01-14,6040.91
2026-01-14,6222.14
2026-01-14,6159.92
2026-01-14,6098.32
2026-01-14,6098.32
2026-01-15,6098.32
2026-01-15,6037.34
2026-01-15,5976.96
2026-01-15,6156.27
2026-01-15,6094.71
2026-01-15,6094.71
2026-01-15,6094.71
2026-01-16,6094.71
2026-01-16,6094.71
2026-01-16,6094.71
2026-01-16,6094.71
2026-01-16,6033.76
2026-01-16,6033.76
2026-01-16,6033.76
2026-01-20,6033.76
2026-01-20,5973.42
2026-01-20,5913.69
2026-01-20,5854.55
2026-01-20,5796.01
2026-01-20,5738.05
2026-01-20,5738.05
2026-01-21,5738.05
2026-01-21,5910.19
2026-01-21,5851.09
2026-01-21,5792.58
2026-01-21,5792.58
2026-01-21,5792.58
2026-01-21,5792.58
2026-01-22,5792.58
2026-01-22,5966.35
2026-01-22,6145.34
2026-01-22,6083.89
2026-01-22,6266.41
2026-01-22,6454.4
2026-01-22,6454.4
2026-01-23,6454.4
2026-01-23,6648.03
2026-01-23,6847.47
2026-01-23,7052.9
2026-01-23,6982.37
2026-01-23,7191.84
2026-01-23,7191.84
2026-01-26,7191.84
2026-01-26,7119.92
2026-01-26,7048.72
2026-01-26,7260.18
2026-01-26,7477.99
2026-01-26,7403.21
2026-01-26,7403.21
2026-01-27,7403.21
2026-01-27,7625.31
2026-01-27,7854.06
2026-01-27,7775.52
2026-01-27,7697.77
2026-01-27,7620.79
2026-01-27,7620.79
2026-01-28,7620.79
2026-01-28,7849.41
2026-01-28,7770.92
2026-01-28,7693.21
2026-01-28,7616.28
2026-01-28,7540.12
2026-01-28,7540.12
2026-01-29,7540.12
2026-01-29,7540.12
2026-01-29,7540.12
2026-01-29,7540.12
2026-01-29,7540.12
2026-01-29,7540.12
2026-01-29,7540.12
2026-01-30,7540.12
2026-01-30,7540.12
2026-01-30,7540.12
2026-01-30,7540.12
2026-01-30,7540.12
2026-01-30,7766.32
2026-01-30,7766.32
2026-02-02,7766.32
2026-02-02,7999.31
2026-02-02,7919.32
2026-02-02,8156.9
2026-02-02,8401.6
2026-02-02,8317.59
2026-02-02,8317.59
2026-02-03,8317.59
2026-02-03,8234.41
2026-02-03,8152.07
2026-02-03,8070.55
2026-02-03,7989.84
2026-02-03,8229.54
2026-02-03,8229.54
2026-02-04,8229.54
2026-02-04,8147.24
2026-02-04,8065.77
2026-02-04,8307.74
2026-02-04,8224.66
2026-02-04,8142.42
2026-02-04,8142.42
2026-02-05,8142.42
2026-02-05,8060.99
2026-02-05,8302.82
2026-02-05,8551.91
2026-02-05,8466.39
2026-02-05,8720.38
2026-02-05,8720.38
2026-02-06,8720.38
2026-02-06,8720.38
2026-02-06,8720.38
2026-02-06,8720.38
2026-02-06,8720.38
2026-02-06,8720.38
2026-02-06,8720.38
2026-02-09,8720.38
2026-02-09,8720.38
2026-02-09,8720.38
2026-02-09,8720.38
2026-02-09,8720.38
2026-02-09,8720.38
2026-02-09,8720.38
2026-02-10,8720.38
2026-02-10,8720.38
2026-02-10,8720.38
2026-02-10,8720.38
2026-02-10,8720.38
2026-02-10,8720.38
2026-02-10,8720.38
2026-02-11,8720.38
2026-02-11,8981.99
2026-02-11,8981.99
2026-02-11,8981.99
2026-02-11,8981.99
2026-02-11,9251.45
2026-02-11,9251.45
2026-02-12,9251.45
2026-02-12,9158.94
2026-02-12,9067.35
2026-02-12,8976.67
2026-02-12,9245.97
2026-02-12,9523.35
2026-02-12,9523.35
2026-02-13,9523.35
2026-02-13,9428.12
2026-02-13,9333.84
2026-02-13,9240.5
2026-02-13,9148.1
2026-02-13,9056.61
2026-02-13,9056.61
2026-02-17,9056.61
2026-02-17,9328.31
2026-02-17,9608.16
2026-02-17,9512.08
2026-02-17,9797.44
2026-02-17,9699.47
2026-02-17,9699.47
2026-02-18,9699.47
2026-02-18,9699.47
2026-02-18,9699.47
2026-02-18,9699.47
2026-02-18,9699.47
2026-02-18,9699.47
2026-02-18,9699.47
2026-02-19,9699.47
2026-02-19,9602.47
2026-02-19,9506.45
2026-02-19,9411.38
2026-02-19,9317.27
2026-02-19,9224.1
2026-02-19,9224.1
2026-02-20,9224.1
2026-02-20,9224.1
2026-02-20,9224.1
2026-02-20,9224.1
2026-02-20,9224.1
2026-02-20,9224.1
2026-02-20,9224.1
2026-02-23,9224.1
2026-02-23,9131.86
2026-02-23,9040.54
2026-02-23,9311.75
2026-02-23,9218.64
2026-02-23,9126.45
2026-02-23,9126.45
2026-02-24,9126.45
2026-02-24,9126.45
2026-02-24,9126.45
2026-02-24,9126.45
2026-02-24,9126.45
2026-02-24,9126.45
2026-02-24,9126.45
2026-02-25,9126.45
2026-02-25,9400.24
2026-02-25,9306.24
2026-02-25,9213.18
2026-02-25,9121.05
2026-02-25,9394.68
2026-02-25,9394.68
2026-02-26,9394.68
2026-02-26,9676.52
2026-02-26,9966.81
2026-02-26,10265.82
2026-02-26,10163.16
2026-02-26,10061.53
2026-02-26,10061.53
2026-02-27,10061.53
2026-02-27,10363.38
2026-02-27,10259.74
2026-02-27,10567.53
2026-02-27,10884.56
2026-02-27,10775.71
2026-02-27,10775.71
2026-03-02,10775.71
2026-03-02,10667.96
2026-03-02,10667.96
2026-03-02,10667.96
2026-03-02,10561.28
2026-03-02,10455.66
2026-03-02,10455.66
2026-03-03,10455.66
2026-03-03,10351.11
2026-03-03,10247.6
2026-03-03,10145.12
2026-03-03,10043.67
2026-03-03,9943.23
2026-03-03,9943.23
2026-03-04,9943.23
2026-03-04,9943.23
2026-03-04,9843.8
2026-03-04,9745.36
2026-03-04,10037.72
2026-03-04,9937.35
2026-03-04,9937.35
2026-03-05,9937.35
2026-03-05,9937.35
2026-03-05,9937.35
2026-03-05,9837.97
2026-03-05,9739.59
2026-03-05,9642.2
2026-03-05,9642.2
2026-03-06,9642.2
2026-03-06,9545.78
2026-03-06,9450.32
2026-03-06,9733.83
2026-03-06,9636.49
2026-03-06,9540.12
2026-03-06,9540.12
2026-03-09,9540.12
2026-03-09,9540.12
2026-03-09,9826.33
2026-03-09,10121.12
2026-03-09,10424.75
2026-03-09,10424.75
2026-03-09,10424.75
2026-03-10,10424.75
2026-03-10,10424.75
2026-03-10,10320.5
2026-03-10,10217.3
2026-03-10,10115.13
2026-03-10,10115.13
2026-03-10,10115.13
2026-03-11,10115.13
2026-03-11,10115.13
2026-03-11,10115.13
2026-03-11,10115.13
2026-03-11,10115.13
2026-03-11,10115.13
2026-03-11,10115.13
2026-03-12,10115.13
2026-03-12,10115.13
2026-03-12,10013.97
2026-03-12,9913.83
2026-03-12,9814.7
2026-03-12,9716.55
2026-03-12,10008.05
2026-03-13,10008.05
2026-03-13,10008.05
2026-03-13,9907.97
2026-03-13,9808.89
2026-03-13,9710.8
2026-03-13,9613.69
2026-03-13,9902.1
2026-03-16,9902.1
2026-03-16,9902.1
2026-03-16,9902.1
2026-03-16,9902.1
2026-03-16,9902.1
2026-03-16,9902.1
2026-03-16,9902.1
2026-03-17,9902.1
2026-03-17,9902.1
2026-03-17,9902.1
2026-03-17,9902.1
2026-03-17,9902.1
2026-03-17,9902.1
2026-03-17,9902.1
2026-03-18,9902.1
2026-03-18,9902.1
2026-03-18,10199.16
2026-03-18,10505.14
2026-03-18,10820.29
2026-03-18,10712.09
2026-03-18,10604.97
2026-03-19,10604.97
2026-03-19,10604.97
2026-03-19,10498.92
2026-03-19,10393.93
2026-03-19,10289.99
2026-03-19,10187.09
2026-03-19,10492.7
2026-03-20,10492.7
2026-03-20,10492.7
2026-03-20,10807.48
2026-03-20,10699.41
2026-03-20,10592.41
2026-03-20,10910.19
2026-03-20,10801.09
2026-03-23,10801.09
2026-03-23,10801.09
2026-03-23,10693.07
2026-03-23,11013.87
2026-03-23,11013.87
2026-03-23,11013.87
2026-03-23,10903.73
2026-03-24,10903.73
2026-03-24,10903.73
2026-03-24,10794.69
2026-03-24,10686.74
2026-03-24,11007.35
2026-03-24,10897.27
2026-03-24,11224.19
2026-03-25,11224.19
2026-03-25,11224.19
2026-03-25,11224.19
2026-03-25,11224.19
2026-03-25,11224.19
2026-03-25,11111.95
2026-03-25,11445.31
2026-03-26,11445.31
2026-03-26,11445.31
2026-03-26,11330.85
2026-03-26,11217.55
2026-03-26,11554.07
2026-03-26,11438.53
2026-03-26,11781.69
2026-03-27,11781.69
2026-03-27,11781.69
2026-03-27,12135.14
2026-03-27,12499.19
2026-03-27,12374.2
2026-03-27,12250.46
2026-03-27,12127.95
2026-03-30,12127.95
2026-03-30,12127.95
2026-03-30,12491.79
2026-03-30,12366.87
2026-03-30,12737.88
2026-03-30,12610.5
2026-03-30,12484.4
2026-03-31,12484.4
2026-03-31,12484.4
2026-03-31,12484.4
2026-03-31,12484.4
2026-03-31,12484.4
2026-03-31,12484.4
2026-03-31,12484.4
2026-04-01,12484.4
2026-04-01,12484.4
2026-04-01,12484.4
2026-04-01,12484.4
2026-04-01,12484.4
2026-04-01,12484.4
2026-04-01,12484.4
2026-04-02,12484.4
2026-04-02,12484.4
2026-04-02,12484.4
2026-04-02,12484.4
2026-04-02,12484.4
2026-04-02,12484.4
2026-04-02,12484.4
2026-04-06,12484.4
2026-04-06,12484.4
2026-04-06,12484.4
2026-04-06,12484.4
2026-04-06,12484.4
2026-04-06,12484.4
2026-04-06,12484.4
2026-04-07,12484.4
2026-04-07,12484.4
2026-04-07,12359.55
2026-04-07,12359.55
2026-04-07,12359.55
2026-04-07,12359.55
2026-04-07,12235.96
2026-04-08,12235.96
2026-04-08,12235.96
2026-04-08,12113.6
2026-04-08,11992.46
2026-04-08,11872.54
2026-04-08,12228.71
2026-04-08,12595.57
2026-04-09,12595.57
2026-04-09,12595.57
2026-04-09,12973.44
2026-04-09,13362.64
2026-04-09,13763.52
2026-04-09,13625.89
2026-04-09,13489.63
2026-04-10,13489.63
2026-04-10,13489.63
2026-04-10,13894.32
2026-04-10,13755.38
2026-04-10,13617.82
2026-04-10,13481.64
2026-04-10,13346.83
2026-04-13,13346.83
2026-04-13,13346.83
2026-04-13,13747.23
2026-04-13,13609.76
2026-04-13,14018.05
2026-04-13,14438.59
2026-04-13,14294.21
2026-04-14,14294.21
2026-04-14,14294.21
2026-04-14,14151.27
2026-04-14,14009.75
2026-04-14,13869.66
2026-04-14,13730.96
2026-04-14,14142.89
2026-04-15,14142.89
2026-04-15,14142.89
2026-04-15,14567.17
2026-04-15,15004.19
2026-04-15,15454.32
2026-04-15,15299.77
2026-04-15,15758.77
2026-04-16,15758.77
2026-04-16,15758.77
2026-04-16,15601.18
2026-04-16,15445.17
2026-04-16,15290.71
2026-04-16,15137.81
2026-04-16,14986.43
2026-04-17,14986.43
2026-04-17,14986.43
2026-04-17,14836.57
2026-04-17,14688.2
2026-04-17,14541.32
2026-04-17,14395.9
2026-04-17,14251.95
2026-04-20,14251.95
2026-04-20,14251.95
2026-04-20,14679.5
2026-04-20,14532.71
2026-04-20,14968.69
2026-04-20,14819.0
2026-04-20,14670.81
2026-04-21,14670.81
2026-04-21,14670.81
2026-04-21,14524.1
2026-04-21,14524.1
2026-04-21,14524.1
2026-04-21,14378.86
2026-04-21,14378.86
2026-04-22,14378.86
2026-04-22,14378.86
2026-04-22,14810.23
2026-04-22,14662.13
2026-04-22,15101.99
2026-04-22,15555.05
2026-04-22,16021.7
2026-04-23,16021.7
2026-04-23,16021.7
2026-04-23,16502.35
2026-04-23,16502.35
2026-04-23,16337.33
2026-04-23,16173.96
2026-04-23,16659.18
2026-04-24,16659.18
2026-04-24,16659.18
2026-04-24,17158.95
2026-04-24,17673.72
2026-04-24,17496.98
2026-04-24,18021.89
2026-04-24,17841.67
2026-04-27,17841.67
2026-04-27,17841.67
2026-04-27,18376.92
2026-04-27,18928.23
2026-04-27,18738.95
2026-04-27,18551.56
2026-04-27,19108.11
2026-04-28,19108.11
2026-04-28,19108.11
2026-04-28,19108.11
2026-04-28,19108.11
2026-04-28,19108.11
2026-04-28,19108.11
2026-04-28,19108.11
2026-04-29,19108.11
2026-04-29,19108.11
2026-04-29,19108.11
2026-04-29,19108.11
2026-04-29,19108.11
2026-04-29,19681.35
2026-04-29,19484.54
2026-04-30,19484.54
2026-04-30,19484.54
2026-04-30,20069.07
2026-04-30,19868.38
2026-04-30,19669.7
2026-04-30,20259.79
2026-04-30,20057.19
2026-05-01,20057.19
2026-05-01,20057.19
2026-05-01,19856.62
2026-05-01,19658.05
2026-05-01,20247.79
2026-05-01,20855.23
2026-05-01,21480.88
2026-05-04,21480.88
2026-05-04,21480.88
2026-05-04,21266.08
2026-05-04,21053.41
2026-05-04,21685.02
2026-05-04,22335.57
2026-05-04,22112.21
2026-05-05,22112.21
2026-05-05,22112.21
2026-05-05,22775.58
2026-05-05,22547.82
2026-05-05,22322.34
2026-05-05,22992.01
2026-05-05,23681.77
2026-05-06,23681.77
2026-05-06,23681.77
2026-05-06,24392.23
2026-05-06,24148.31
2026-05-06,24872.75
2026-05-06,25618.94
2026-05-06,26387.51
2026-05-07,26387.51
2026-05-07,26387.51
2026-05-07,27179.13
2026-05-07,26907.34
2026-05-07,27714.56
2026-05-07,27437.41
2026-05-07,27163.04
2026-05-08,27163.04
2026-05-08,27163.04
2026-05-08,26891.41
2026-05-08,27698.15
2026-05-08,27421.17
2026-05-08,27146.96
2026-05-08,27961.37
2026-05-11,27961.37
2026-05-11,27961.37
2026-05-11,27681.75
2026-05-11,27404.94
2026-05-11,28227.08
2026-05-11,27944.81
2026-05-11,27665.37
2026-05-12,27665.37
2026-05-12,27665.37
2026-05-12,27665.37
2026-05-12,27665.37
2026-05-12,27665.37
2026-05-12,27665.37
2026-05-12,27665.37
2026-05-13,27665.37
2026-05-13,27665.37
2026-05-13,27388.71
2026-05-13,27114.82
2026-05-13,27928.27
2026-05-13,27648.99
2026-05-13,28478.46
2026-05-14,28478.46
2026-05-14,28478.46
2026-05-14,28193.67
2026-05-14,27911.73
2026-05-14,28749.09
2026-05-14,28461.6
2026-05-14,29315.44
2026-05-15,29315.44
2026-05-15,29315.44
2026-05-15,29315.44
2026-05-15,29315.44
2026-05-15,29315.44
2026-05-15,29315.44
2026-05-15,29315.44
2026-05-18,29315.44
2026-05-18,29315.44
2026-05-18,29315.44
2026-05-18,29315.44
2026-05-18,29315.44
2026-05-18,29315.44
2026-05-18,29315.44
2026-05-19,29315.44
2026-05-19,29315.44
2026-05-19,29315.44
2026-05-19,30194.91
2026-05-19,30194.91
2026-05-19,30194.91
2026-05-19,30194.91
2026-05-20,30194.91
2026-05-20,30194.91
2026-05-20,31100.75
2026-05-20,32033.78
2026-05-20,32994.79
2026-05-20,33984.63
2026-05-20,33644.79
2026-05-21,33644.79
2026-05-21,33644.79
2026-05-21,33308.34
2026-05-21,32975.26
2026-05-21,33964.51
2026-05-21,33624.87
2026-05-21,33288.62
2026-05-22,33288.62
2026-05-22,33288.62
2026-05-22,34287.28
2026-05-22,35315.9
